wordID,unitID,wordSeq,wordToken,wordTranscript
1,1,0, ,...
2,1,1, , 
3,2,0, ,...
4,2,1,This,This
5,2,2,morning,morning
6,2,3,we're,we're
7,2,4,gonna,gonna
8,2,5,be,be
9,2,6,looking,looking
10,2,7,in,in
11,2,8,the,the
12,2,9,book,book
13,2,10,of,of
14,2,11,Exodus,Exodus
15,2,12, ,","
16,3,0, ,...
17,3,1,And,And
18,3,2,we've,we've
19,3,3,been,been
20,3,4,talking,talking
21,3,5,about,about
22,3,6,uh,uh:
23,3,7, ,","
24,4,0, ,...
25,4,1,Vision,Vision
26,4,2, ,.
27,5,0, ,...
28,5,1,And,And
29,5,2,hearing,hearing
30,5,3,from,from
31,5,4,God,God
32,5,5, ,.
33,6,0, ,...
34,6,1,I,I
35,6,2,was,was
36,6,3,trying,trying
37,6,4,to,to
38,6,5,come,come
39,6,6,up,up
40,6,7,with,with
41,6,8,a,a
42,6,9,definition,definition
43,6,10, ,","
44,7,0,in,in
45,7,1,fact,fact
46,7,2,I,I
47,7,3, ,","
48,8,0,I,I
49,8,1,looked,looked
50,8,2,it,it
51,8,3,up,up
52,8,4,in,in
53,8,5,the,the
54,8,6,encyclopedia,encyclopedia
55,8,7,for,for
56,8,8,vision,vision
57,8,9, ,.
58,9,0,And,A:nd
59,9,1, ,","
60,10,0, ,...
61,10,1,there,there
62,10,2,is,is
63,10,3,definitely,definitely
64,10,4,a,a
65,10,5,definition,definition
66,10,6, ,","
67,11,0, ,..
68,11,1,several,several
69,11,2, ,","
70,12,0, ,...
71,12,1,uh,uh:
72,12,2, ,","
73,13,0,and,and
74,13,1,I,I
75,13,2,didn't,didn't
76,13,3,really,really
77,13,4,like,like
78,13,5,any,any
79,13,6,of,of
80,13,7,them,them
81,13,8, ,","
82,14,0, ,...
83,14,1,uh,uh:
84,14,2, ,","
85,15,0, ,..
86,15,1, ,..
87,15,2,so,so
88,15,3,I,I
89,15,4,thought,th:ought
90,15,5,I'd,I'd..
91,15,6,try,try
92,15,7,to,to
93,15,8,come,come
94,15,9,up,up
95,15,10,with,with
96,15,11,one,one
97,15,12,of,of
98,15,13,my,my
99,15,14,own,own
100,15,15, ,.
101,16,0, ,...
102,16,1, ,...
103,16,2,Jim,Jim
104,16,3,Larson,Larson
105,16,4,was,was
106,16,5,uh,uh
107,16,6,sharing,sharing
108,16,7,a,a
109,16,8,quote,quote
110,16,9, ,","
111,17,0, ,...
112,17,1,from,from
113,17,2,Yogi,Yogi
114,17,3,Bara,Bara
115,17,4, ,","
116,18,0,last,last
117,18,1,night,night
118,18,2, ,","
119,19,0,and,and
120,19,1,I,I
121,19,2,wanted,wanted
122,19,3,to,to
123,19,4,share,@share
124,19,5,that,@that
125,19,6,this,this
126,19,7,morning,morning
127,19,8, ,.
128,20,0,He,He
129,20,1,says,says
130,20,2,you,you
131,20,3,gotta,gotta
132,20,4,be,be
133,20,5,careful,careful
134,20,6,when,when
135,20,7,you,you
136,20,8,don't,don't
137,20,9,know,know
138,20,10,where,where
139,20,11,you're,you're
140,20,12,going,going
141,20,13, ,","
142,21,0, ,..
143,21,1,because,because
144,21,2,you,you
145,21,3,might,might
146,21,4,not,not
147,21,5,get,get
148,21,6,there,there
149,21,7, ,.
150,22,0, ,...
151,22,1,Which,Which
152,22,2,says,says
153,22,3,so,so
154,22,4,much,much
155,22,5, ,","
156,23,0,that,that
157,23,1,we,we
158,23,2,need,need
159,23,3,to,to
160,23,4,know,know
161,23,5,where,where
162,23,6,we're,we're
163,23,7,going,going
164,23,8, ,.
165,24,0, ,..
166,24,1,And,And
167,24,2,vision,vision
168,24,3, ,","
169,25,0,really,really
170,25,1,has,has
171,25,2,to,to
172,25,3,do,do
173,25,4,with,with
174,25,5, ,","
175,26,0,having,having
176,26,1,an,an
177,26,2,idea,idea
178,26,3,of,of
179,26,4,where,where
180,26,5,you're,you're
181,26,6,going,going
182,26,7, ,.
183,27,0, ,...
184,27,1,Our,Our
185,27,2,mission,mission
186,27,3,is,is
187,27,4,a,a
188,27,5,goal,goal
189,27,6,or,or
190,27,7,task,task
191,27,8,which,which
192,27,9,one,one
193,27,10,is,is
194,27,11,destined,destined
195,27,12,to,to
196,27,13,accomplish,accomplish
197,27,14, ,.
198,28,0, ,...
199,28,1,Our,Our
200,28,2,vision,vision
201,28,3, ,","
202,29,0, ,...
203,29,1,and,and
204,29,2,here's,here's
205,29,3,the,the
206,29,4, ,--
207,30,0,here's,here's
208,30,1,the,the
209,30,2,definition,definition
210,30,3,I,I
211,30,4,came,came
212,30,5,up,up
213,30,6,with,with
214,30,7, ,","
215,31,0, ,...
216,31,1,you,you
217,31,2,can,can
218,31,3,write,write
219,31,4,this,this
220,31,5,down,down
221,31,6, ,","
222,32,0,but,but
223,32,1,uh,uh
224,32,2, ,","
225,33,0, ,..
226,33,1,uh,uh
227,33,2,don't,don't
228,33,3,use,use
229,33,4,it,it
230,33,5,unless,unless
231,33,6,you,you
232,33,7, ,","
233,34,0, ,...
234,34,1,uh,uh
235,34,2, ,","
236,35,0, ,..
237,35,1,agree,agree
238,35,2,with,with
239,35,3,it,it
240,35,4, ,.
241,36,0, ,..
242,36,1, ,[@@@]
243,37,0, ,[
244,37,1, ,|]
245,37,2,It's,[It's
246,37,3,mentally,|mentally]
247,37,4,seeing,seeing
248,37,5, ,","
249,38,0, ,[@
250,38,1, ,|@
251,38,2, ,|@]
252,39,0,where,where
253,39,1,one,one
254,39,2,hopes,hopes
255,39,3,to,to
256,39,4,be,be
257,39,5, ,","
258,40,0, ,..
259,40,1,in,in
260,40,2,a,a
261,40,3,specific,specific
262,40,4,period,period
263,40,5,of,of
264,40,6,time,time
265,40,7, ,.
266,41,0, ,..
267,41,1,It's,It's
268,41,2,in,in
269,41,3,your,your
270,41,4,imagination,imagination
271,41,5, ,","
272,42,0,in,in
273,42,1,your,your
274,42,2, ,...
275,42,3,hopes,hopes
276,42,4, ,","
277,43,0, ,...
278,43,1,that,that
279,43,2,you're,you're
280,43,3,looking,looking
281,43,4,ahead,ahead
282,43,5, ,.
283,44,0, ,...
284,44,1,And,And
285,44,2,h,h-
286,44,3, ,...
287,44,4,trying,trying
288,44,5,to,to
289,44,6,see,see
290,44,7,where,where
291,44,8,you,you
292,44,9,will,will
293,44,10,be,be
294,44,11, ,","
295,45,0, ,..
296,45,1,in,in
297,45,2,a,a
298,45,3,specific,specific
299,45,4,period,period-
300,45,5,period,period
301,45,6,of,of
302,45,7,time,time
303,45,8, ,.
304,46,0, ,..
305,46,1,So,So
306,46,2,our,our
307,46,3,vision,vision
308,46,4,for,for
309,46,5,the,the
310,46,6,next,next
311,46,7,few,few
312,46,8,years,years
313,46,9, ,.
314,47,0,Our,Our
315,47,1,vision,vision
316,47,2,for,for
317,47,3, ,","
318,48,0,uh,uh
319,48,1, ,","
320,49,0, ,...
321,49,1,the,the
322,49,2, ,...
323,49,3,next,next
324,49,4,ten,ten
325,49,5,years,years
326,49,6, ,.
327,50,0,Whatever,Whatever
328,50,1, ,.
329,51,0,Uh,Uh
330,51,1, ,","
331,52,0,what,what
332,52,1,is,is
333,52,2,our,our
334,52,3,vision,vision
335,52,4, ,.
336,53,0, ,...
337,53,1,As,As
338,53,2,a,a
339,53,3,church,church
340,53,4,planter,planter
341,53,5, ,","
342,54,0,Pastor,Pastor
343,54,1,Queen,*Queen
344,54,2,came,"came,"
345,54,3, , 
346,55,0, ,...
347,55,1, ,...
348,55,2,having,having
349,55,3,grown,grown
350,55,4,up,up
351,55,5,here,here
352,55,6, ,","
353,56,0,and,and
354,56,1,having,having
355,56,2,gone,gone
356,56,3,off,off
357,56,4,to,to-
358,56,5, ,..
359,56,6,to,to
360,56,7,school,school
361,56,8, ,","
362,57,0, ,...
363,57,1,to,to
364,57,2,seminary,seminary
365,57,3, ,","
366,58,0, ,..
367,58,1,God,God
368,58,2,brought,brought
369,58,3,him,him
370,58,4,back,back
371,58,5, ,","
372,59,0,to,to
373,59,1,start,start
374,59,2,a,a
375,59,3,church,church
376,59,4, ,.
377,60,0, ,...
378,60,1,And,And
379,60,2,he,he
380,60,3,began,began
381,60,4,to,to
382,60,5,seek,seek
383,60,6,God's,God's
384,60,7, ,..
385,60,8,uh,uh
386,60,9,vision,vision
387,60,10, ,","
388,61,0, ,..
389,61,1,for,for
390,61,2, ,..
391,61,3,the,the
392,61,4,church,church
393,61,5, ,.
394,62,0,And,And
395,62,1,through,through
396,62,2,his,his
397,62,3,own,own
398,62,4,personal,personal
399,62,5,experience,experience
400,62,6, ,","
401,63,0,and,and
402,63,1,through,through
403,63,2, ,...
404,63,3,the,the
405,63,4,Scripture,Scripture
406,63,5, ,","
407,64,0, ,...
408,64,1,and,and
409,64,2,God,God
410,64,3,gave,gave
411,64,4,him,him
412,64,5,a,a
413,64,6,vision,vision
414,64,7, ,","
415,65,0, ,...
416,65,1,for,for
417,65,2,a,a
418,65,3,church,church
419,65,4,that,that
420,65,5,was,was
421,65,6,committed,committed
422,65,7,to,to
423,65,8,being,being
424,65,9,a,a
425,65,10,part,part
426,65,11,of,of
427,65,12,what,what
428,65,13,God,God
429,65,14,was,was
430,65,15,doing,doing
431,65,16, ,","
432,66,0, ,...
433,66,1,a,a
434,66,2,church,church
435,66,3,that,that
436,66,4,was,was
437,66,5, ,","
438,67,0, ,...
439,67,1,invested,invested
440,67,2,in,in
441,67,3,building,building
442,67,4,the,the
443,67,5,Kingdom,Kingdom
444,67,6,of,of
445,67,7,God,God
446,67,8, ,.
447,68,0, ,...
448,68,1,By,By
449,68,2,caring,caring
450,68,3,for,for
451,68,4,people,people
452,68,5,where,where
453,68,6,their,their
454,68,7,needs,needs
455,68,8,were,were
456,68,9, ,","
457,69,0, ,...
458,69,1,and,and
459,69,2,by,by
460,69,3,sharing,sharing
461,69,4,the,the
462,69,5,truth,truth
463,69,6, ,","
464,70,0, ,...
465,70,1,of,of
466,70,2,the,the
467,70,3,Gospel,Gospel
468,70,4,of,of
469,70,5,Jesus,Jesus
470,70,6,Christ,Christ
471,70,7, ,.
472,71,0, ,...
473,71,1, ,..
474,71,2,Our,Our
475,71,3,vision,vision
476,71,4,is,is
477,71,5, ,","
478,72,0, ,..
479,72,1,is,is
480,72,2,a,a
481,72,3,direction,direction
482,72,4,of,of
483,72,5,involvement,involvement
484,72,6,toward,toward
485,72,7,a,a
486,72,8,final,final
487,72,9,destination,destination
488,72,10, ,.
489,73,0, ,...
490,73,1,When,When
491,73,2,I,I
492,73,3,started,started
493,73,4,thinking,thinking
494,73,5,about,about
495,73,6,missions,missions
496,73,7, ,","
497,74,0,I,I
498,74,1, ,..
499,74,2,thought,thought
500,74,3,immediately,immediately
501,74,4,of,of
502,74,5, ,...
503,74,6,the,the
504,74,7,Blues,Blues
505,74,8,Brothers,Brothers
506,74,9, ,.
507,75,0, ,...
508,75,1,You,You
509,75,2,know,know
510,75,3, ,","
511,76,0,and,and
512,76,1,Dan,Dan
513,76,2,Ackroyd,Ackroyd
514,76,3, ,","
515,77,0, ,...
516,77,1,comes,comes
517,77,2,out,out
518,77,3, ,","
519,78,0,I,I
520,78,1,forget,forget
521,78,2,what,what
522,78,3,his,his
523,78,4,character,character
524,78,5,was,was
525,78,6, ,","
526,79,0,but,but
527,79,1,he,he
528,79,2,says,says
529,79,3, ,","
530,80,0, ,..
531,80,1,we're,we're
532,80,2,on,on
533,80,3,a,a
534,80,4,mission,mission
535,80,5,from,from
536,80,6,God,God
537,80,7, ,.
538,81,0, ,...
539,81,1,And,And
540,81,2,that's,that's
541,81,3,what,what
542,81,4,the,the
543,81,5,church,church
544,81,6,is,is
545,81,7,about,about
546,81,8, ,","
547,82,0,we're,we're
548,82,1,on,on
549,82,2,a,a
550,82,3,mission,mission
551,82,4,from,from
552,82,5,God,God
553,82,6, ,.
554,83,0, ,...
555,83,1,In,In
556,83,2,fact,fact
557,83,3, ,","
558,84,0,let,let
559,84,1,me,me
560,84,2,clarify,clarify
561,84,3,it,it
562,84,4,a,a
563,84,5,little,little
564,84,6,more,more
565,84,7, ,.
566,85,0, ,...
567,85,1,The,The
568,85,2,church,church
569,85,3,has,has
570,85,4,been,been
571,85,5,given,given
572,85,6,a,a
573,85,7,mission,mission
574,85,8, ,","
575,86,0, ,...
576,86,1,but,but
577,86,2,our,our
578,86,3,mission,mission
579,86,4,is,is
580,86,5,not,not
581,86,6,for,for
582,86,7,us,us
583,86,8,to,to
584,86,9,go,go
585,86,10,and,and
586,86,11,decide,decide
587,86,12,what,what
588,86,13,we're,we're
589,86,14,gonna,gonna
590,86,15,do,do
591,86,16, ,","
592,87,0, ,...
593,87,1,our,our
594,87,2,mission,mission
595,87,3,is,is
596,87,4,to,to
597,87,5,participate,participate
598,87,6,in,in
599,87,7, ,","
600,88,0,an,an
601,88,1,to,to
602,88,2,carry,carry
603,88,3,out,out
604,88,4, ,...
605,88,5,God's,God's
606,88,6,mission,mission
607,88,7, ,.
608,89,0, ,..
609,89,1,Because,Because
610,89,2,you,you
611,89,3,see,see
612,89,4,God,Go:d
613,89,5, ,","
614,90,0, ,...
615,90,1,is,is
616,90,2,on,on
617,90,3,a,a
618,90,4,mission,mission
619,90,5, ,.
620,91,0, ,...
621,91,1,God's,God's
622,91,2,mission,mission
623,91,3,is,is
624,91,4,to,to
625,91,5,build,build
626,91,6,His,His
627,91,7,Kingdom,Kingdom
628,91,8, ,.
629,92,0,To,To
630,92,1,build,build
631,92,2,the,the
632,92,3,Kingdom,Kingdom
633,92,4,of,of
634,92,5,God,God
635,92,6, ,.
636,93,0, ,...
637,93,1,To,To
638,93,2,bring,bring
639,93,3,the,the
640,93,4,world,world
641,93,5,of,of
642,93,6,lost,lost
643,93,7,people,people
644,93,8,into,into
645,93,9,a,a
646,93,10,real,real
647,93,11,and,and
648,93,12,personal,personal
649,93,13,love,love
650,93,14,relationship,relationship
651,93,15, ,","
652,94,0, ,...
653,94,1,with,with
654,94,2,him,him
655,94,3, ,.
656,95,0, ,...
657,95,1,Through,Through
658,95,2,faith,faith
659,95,3, ,","
660,96,0,in,in
661,96,1,His,His
662,96,2,Son,Son
663,96,3, ,","
664,97,0,Jesus,Jesus
665,97,1,Christ,Christ
666,97,2, ,.
667,98,0, ,...
668,98,1,You,You
669,98,2,know,know
670,98,3,what,what
671,98,4, ,","
672,99,0,if,if
673,99,1,our,our
674,99,2,vision,vision
675,99,3, ,","
676,100,0, ,...
677,100,1,does,does
678,100,2,not,not
679,100,3,include,include
680,100,4,reaching,reaching
681,100,5,lost,lost
682,100,6,people,people
683,100,7, ,","
684,101,0,and,and
685,101,1,caring,caring
686,101,2,for,for
687,101,3,lost,lost
688,101,4,people,people
689,101,5, ,","
690,102,0,then,then
691,102,1,it's,it's
692,102,2,not,not
693,102,3,God's,God's
694,102,4,vision,vision
695,102,5, ,.
696,103,0,Because,Because
697,103,1,the,the
698,103,2,Bible,Bible
699,103,3,is,is
700,103,4,very,very
701,103,5,clear,clear
702,103,6, ,","
703,104,0,that,that
704,104,1,God,Go:d
705,104,2,cares,ca:res
706,104,3,about,about
707,104,4,lost,lost
708,104,5,people,people
709,104,6, ,.
710,105,0,Yes,Yes
711,105,1, ,.
712,106,0, ,...
713,106,1,God,God
714,106,2,loves,loves
715,106,3, ,..
716,106,4,people,people
717,106,5,who,who
718,106,6,don't,don't
719,106,7,have,have
720,106,8,it,it
721,106,9,all,all
722,106,10,together,together
723,106,11, ,.
724,107,0,Yes,Yes
725,107,1, ,.
726,108,0, ,...
727,108,1,God,God
728,108,2,loves,loves
729,108,3,people,people
730,108,4,who,who
731,108,5,are,are
732,108,6,hurting,hurting
733,108,7, ,.
734,109,0,Yes,Yes
735,109,1, ,.
736,110,0, ,...
737,110,1,God,God
738,110,2,loves,loves
739,110,3,people,people
740,110,4,who,who
741,110,5,are,are
742,110,6,suffering,suffering
743,110,7, ,.
744,111,0,Who,Who
745,111,1,are,are
746,111,2,seeking,seeking
747,111,3, ,.
748,112,0, ,...
749,112,1,And,And
750,112,2,if,if
751,112,3,our,our
752,112,4,vision,vision
753,112,5, ,","
754,113,0,as,as
755,113,1,Uptown,Uptown
756,113,2,Baptist,Baptist
757,113,3,Church,Church
758,113,4, ,","
759,114,0,doesn't,doesn't
760,114,1,include,include
761,114,2, ,.
762,115,0, ,..
763,115,1,In,In
764,115,2,fact,fact
765,115,3, ,","
766,116,0,if,if
767,116,1,our,our
768,116,2,vision,vision
769,116,3,as,as
770,116,4,individual,individual
771,116,5, ,..
772,116,6,Christians,Christians
773,116,7, ,","
774,117,0,with,with
775,117,1,a,a
776,117,2,relationship,relationship
777,117,3,with,with
778,117,4,Christ,Christ
779,117,5, ,","
780,118,0,does,does
781,118,1,not,not
782,118,2,include,include
783,118,3, ,","
784,119,0, ,...
785,119,1,reaching,reaching
786,119,2,out,out
787,119,3, ,","
788,120,0,and,and
789,120,1,touching,touching
790,120,2, ,","
791,121,0, ,...
792,121,1,the,the
793,121,2,lives,lives
794,121,3,of,of
795,121,4,lost,lost
796,121,5,hurting,hurting
797,121,6, ,..
798,121,7,dying,dying
799,121,8,people,people
800,121,9, ,","
801,122,0,it's,it's
802,122,1,not,not
803,122,2,a,a
804,122,3,vision,vision
805,122,4,from,from
806,122,5,God,God
807,122,6, ,.
808,123,0, ,...
809,123,1,Because,Because
810,123,2,God's,God's
811,123,3,plan,plan
812,123,4, ,","
813,124,0, ,..
814,124,1,is,is
815,124,2, ,","
816,125,0, ,..
817,125,1,and,and
818,125,2,has,has
819,125,3,always,always
820,125,4,been,been
821,125,5, ,","
822,126,0,to,to
823,126,1,use,use
824,126,2, ,..
825,126,3,his,his
826,126,4,people,people
827,126,5, ,","
828,127,0, ,..
829,127,1,to,to
830,127,2,carry,carry
831,127,3,out,out
832,127,4,His,His
833,127,5,mission,mission
834,127,6, ,.
835,128,0, ,...
836,128,1,And,And
837,128,2,we're,we're
838,128,3,gonna,gonna
839,128,4,see,see
840,128,5,that,that
841,128,6, ,","
842,129,0,as,as
843,129,1,we,we
844,129,2,look,look
845,129,3,at,at
846,129,4,Moses,Moses
847,129,5, ,.
848,130,0, ,...
849,130,1,Beginning,Beginning
850,130,2,in,in
851,130,3,the,the
852,130,4,first,first
853,130,5,chapter,chapter
854,130,6,of,of
855,130,7,Moses,Moses
856,130,8, ,.
857,131,0,I'm,I'm
858,131,1,not,not
859,131,2,gonna,gonna
860,131,3,read,read
861,131,4, ,--
862,132,0, ,...
863,132,1,I,I
864,132,2,am,am
865,132,3,gonna,gonna
866,132,4,read,read
867,132,5,some,some
868,132,6,of,of
869,132,7,it,it
870,132,8, ,","
871,133,0,but,but
872,133,1,I'm,I'm
873,133,2,not,not
874,133,3,gonna,gonna
875,133,4,read,read
876,133,5,all,all
877,133,6,the,the
878,133,7,way,way
879,133,8,through,through
880,133,9, ,","
881,134,0, ,...
882,134,1,because,because
883,134,2,we're,we're
884,134,3,gonna,gonna
885,134,4,try,try
886,134,5,to,to
887,134,6, ,","
888,135,0, ,..
889,135,1,breeze,breeze
890,135,2,through,through
891,135,3,the,the
892,135,4,first,first
893,135,5,four,four
894,135,6,chapters,chapters
895,135,7, ,.
896,136,0, ,...
897,136,1,Let's,Let's
898,136,2,look,look
899,136,3,how,how
900,136,4,God,God
901,136,5,was,was
902,136,6,involved,involved
903,136,7,in,in
904,136,8,Moses,Moses
905,136,9, ,.
906,137,0, ,...
907,137,1,Or,Or
908,137,2,how,how
909,137,3,God,God
910,137,4,involved,involved
911,137,5,Moses,Moses
912,137,6,in,in
913,137,7,His,His
914,137,8,mission,mission
915,137,9, ,.
916,138,0, ,...
917,138,1,Gary,*Gary
918,139,0,one,one
919,139,1,of,of
920,139,2,the,the
921,139,3,things,things
922,139,4,I,I
923,139,5,want,want
924,139,6,us,us
925,139,7,to,to
926,139,8,do,do
927,139,9, ,","
928,140,0, ,...
929,140,1,uh,uh
930,140,2, ,","
931,141,0,on,on
932,141,1,building,building
933,141,2,beautiful,beautiful
934,141,3,day,day
935,141,4, ,","
936,142,0,is,is
937,142,1,build,build
938,142,2,a,a
939,142,3,taller,taller
940,142,4, ,...
941,142,5,podium,podium
942,142,6, ,.
943,143,0, ,...
944,143,1, ,[:]
945,144,0,Write,[Write
946,144,1,that,|that
947,144,2,on,|on
948,144,3,one,|one
949,144,4,of,|of
950,144,5,those,|those
951,144,6,sheets,|sheets
952,144,7,of,|of
953,144,8,paper,|paper
954,144,9,back,|back
955,144,10,there,|there]
956,144,11, ,.
957,145,0, ,...
958,145,1,We,We-
959,145,2, ,--
960,146,0,we,we
961,146,1,need,need
962,146,2,it,it
963,146,3,about,about
964,146,4,right,right
965,146,5,here,here
966,146,6, ,.
967,147,0, ,..
968,148,0, ,...
969,148,1,Oops,Oops
970,148,2, ,.
971,149,0, ,...
972,149,1,Okay,Okay
973,149,2, ,.
974,150,0, ,...
975,150,1,First,First
976,150,2,thing,thing
977,150,3,we're,we're
978,150,4,gonna,gonna
979,150,5,see,see
980,150,6, ,","
981,151,0, ,..
982,151,1,is,is
983,151,2,that,that
984,151,3,God,God
985,151,4,prepares,prepares
986,151,5,His,His
987,151,6,servants,servants
988,151,7,for,for
989,151,8,mission,mission
990,151,9, ,.
991,152,0, ,...
992,152,1,God,God
993,152,2, ,..
994,152,3,prepares,prepares
995,152,4, ,..
996,152,5,his,his
997,152,6,servants,servants
998,152,7, ,..
999,152,8,for,for
1000,152,9,mission,mission
1001,152,10, ,.
1002,153,0, ,...
1003,153,1,As,As
1004,153,2,we,we
1005,153,3,read,read
1006,153,4,in,in
1007,153,5, ,--
1008,154,0, ,...
1009,154,1,actually,actually
1010,154,2,as,as
1011,154,3,we,we
1012,154,4,get,get
1013,154,5,to,to:
1014,154,6,the,the
1015,154,7,second,second
1016,154,8,chapter,chapter
1017,154,9, ,","
1018,155,0,we'll,we'll
1019,155,1,see,see
1020,155,2,that,that
1021,155,3, ,","
1022,156,0, ,...
1023,156,1,Uh,Uh
1024,156,2, ,","
1025,157,0,Moses,Moses
1026,157,1,was,was
1027,157,2,not,not
1028,157,3,only,only
1029,157,4,preserved,preserved
1030,157,5, ,","
1031,158,0, ,..
1032,158,1,but,but
1033,158,2,he,he
1034,158,3,was,was
1035,158,4,prepared,prepared
1036,158,5, ,.
1037,159,0, ,...
1038,159,1,Uh,Uh
1039,159,2,for,for
1040,159,3,his,his
1041,159,4,part,part
1042,159,5,in,in
1043,159,6, ,..
1044,159,7,God's,God's
1045,159,8,mission,mission
1046,159,9, ,.
1047,160,0, ,..
1048,160,1,We,We
1049,160,2,have,have
1050,160,3,to,to
1051,160,4,go,go
1052,160,5,to,to
1053,160,6,chapter,chapter
1054,160,7,one,one
1055,160,8,to,to
1056,160,9,get,get
1057,160,10,a,a
1058,160,11,little,little
1059,160,12,background,background
1060,160,13, ,.
1061,161,0, ,...
1062,161,1,Read,Read
1063,161,2,with,with
1064,161,3,me,me
1065,161,4,in,in
1066,161,5,verse,verse
1067,161,6,six,six
1068,161,7,of,of
1069,161,8,chapter,chapter
1070,161,9,one,one
1071,161,10, ,.
1072,162,0, ,...
1073,162,1,Now,Now
1074,162,2,Joseph,Joseph
1075,162,3,and,and
1076,162,4,all,all
1077,162,5,his,his
1078,162,6,brothers,brothers
1079,162,7, ,","
1080,163,0, ,..
1081,163,1,and,and
1082,163,2,all,a:ll
1083,163,3,that,that
1084,163,4,generation,generation
1085,163,5,died,died
1086,163,6, ,.
1087,164,0, ,..
1088,164,1,But,But
1089,164,2,the,the
1090,164,3,Israelites,Israelites
1091,164,4,were,were
1092,164,5,fruitful,fruitful
1093,164,6, ,","
1094,165,0,and,and
1095,165,1,multiplied,multiplied
1096,165,2,greatly,greatly
1097,165,3, ,","
1098,166,0,and,and
1099,166,1,became,became
1100,166,2,exceedingly,exceedingly
1101,166,3,numerous,numerous
1102,166,4, ,.
1103,167,0,so,so
1104,167,1,that,that
1105,167,2,the,the
1106,167,3,land,land
1107,167,4,was,was
1108,167,5,filled,filled
1109,167,6,with,with
1110,167,7,them,them
1111,167,8, ,.
1112,168,0, ,..
1113,168,1,Then,Then
1114,168,2,a,a
1115,168,3,new,new
1116,168,4,king,king
1117,168,5, ,","
1118,169,0, ,...
1119,169,1,who,who
1120,169,2,did,did
1121,169,3,not,not
1122,169,4,know,know
1123,169,5,about,about
1124,169,6,Joseph,Joseph
1125,169,7, ,","
1126,170,0,came,came
1127,170,1,to,to
1128,170,2,power,power
1129,170,3,in,in
1130,170,4,Egypt,Egypt
1131,170,5, ,.
1132,171,0, ,...
1133,171,1,Look,Look
1134,171,2, ,","
1135,172,0, ,..
1136,172,1,he,he
1137,172,2,said,said
1138,172,3,to,to
1139,172,4,his,his
1140,172,5,people,people
1141,172,6, ,.
1142,173,0, ,..
1143,173,1,the,the
1144,173,2,Israelites,Israelites
1145,173,3,have,have
1146,173,4,become,become
1147,173,5, ,..
1148,173,6,much,much
1149,173,7,too,too
1150,173,8,numerous,numerous
1151,173,9, ,..
1152,173,10,for,for
1153,173,11,us,us
1154,173,12, ,.
1155,174,0, ,...
1156,174,1,Come,Come
1157,174,2, ,","
1158,175,0,we,we
1159,175,1,must,must
1160,175,2,deal,deal
1161,175,3,shrewdly,shrewdly
1162,175,4,with,with
1163,175,5,them,them
1164,175,6, ,","
1165,176,0,for,for-
1166,176,1, ,--
1167,177,0, ,..
1168,177,1,or,or
1169,177,2,they,they
1170,177,3,will,will
1171,177,4,become,become
1172,177,5,even,even
1173,177,6,more,more
1174,177,7,numerous,numerous
1175,177,8, ,","
1176,178,0,and,and
1177,178,1,if,if
1178,178,2,war,war
1179,178,3,breaks,breaks
1180,178,4,out,out
1181,178,5, ,","
1182,179,0, ,..
1183,179,1,will,will
1184,179,2,join,join
1185,179,3,our,our
1186,179,4,enemies,enemies
1187,179,5, ,.
1188,180,0, ,...
1189,180,1,fight,fight
1190,180,2,against,against
1191,180,3,us,us
1192,180,4, ,","
1193,181,0,and,and
1194,181,1,leave,leave
1195,181,2,the,the
1196,181,3,country,country
1197,181,4, ,.
1198,182,0, ,...
1199,182,1,So,So
1200,182,2,they,they
1201,182,3,put,put
1202,182,4,the,the
1203,182,5,slave,slave
1204,182,6,masters,masters
1205,182,7,over,over
1206,182,8,them,them
1207,182,9, ,.
1208,183,0,to,to
1209,183,1,oppress,oppress
1210,183,2,them,them
1211,183,3,and,and
1212,183,4,f,f-
1213,183,5, ,--
1214,184,0, ,..
1215,184,1,with,with
1216,184,2,forced,forced
1217,184,3, ,..
1218,184,4,labor,labor
1219,184,5, ,.
1220,185,0,And,And
1221,185,1,they,they
1222,185,2,built,built
1223,185,3, ,...
1224,185,4,Python,Python
1225,185,5, ,","
1226,186,0, ,...
1227,186,1,and,and
1228,186,2,Ramses,Ramses
1229,186,3, ,.
1230,187,0, ,...
1231,187,1,As,As
1232,187,2,store,store
1233,187,3,cities,cities
1234,187,4, ,.
1235,188,0, ,...
1236,188,1,For,For
1237,188,2,Pharaoh,Pharaoh
1238,188,3, ,.
1239,189,0, ,...
1240,189,1,But,But
1241,189,2,the,the
1242,189,3,more,more
1243,189,4,they,they
1244,189,5,were,were
1245,189,6,oppressed,oppressed
1246,189,7, ,","
1247,190,0,the,the
1248,190,1,more,more
1249,190,2,they,they
1250,190,3,multiplied,multiplied
1251,190,4,and,and
1252,190,5,spread,spread
1253,190,6, ,.
1254,191,0, ,..
1255,191,1,So,So
1256,191,2,the,the
1257,191,3,Egyptians,Egyptians
1258,191,4,came,came
1259,191,5,to,to
1260,191,6,dread,dread
1261,191,7,the,the
1262,191,8,Israelites,Israelites
1263,191,9, ,.
1264,192,0,And,And
1265,192,1,worked,worked
1266,192,2,them,them
1267,192,3,ruthlessly,ruthlessly
1268,192,4, ,.
1269,193,0, ,...
1270,193,1,They,They
1271,193,2,made,made
1272,193,3,their,their
1273,193,4,lives,lives
1274,193,5,bitter,bitter
1275,193,6, ,","
1276,194,0,with,with
1277,194,1,hard,hard
1278,194,2,labor,labor
1279,194,3,in,in
1280,194,4,brick,brick
1281,194,5,and,and
1282,194,6,mortar,mortar
1283,194,7, ,.
1284,195,0,And,And
1285,195,1,with,with
1286,195,2,all,a:ll
1287,195,3,kinds,kinds
1288,195,4,of,of
1289,195,5,work,work
1290,195,6,in,in
1291,195,7,the,the
1292,195,8,fields,fields
1293,195,9, ,.
1294,196,0, ,..
1295,196,1,In,In
1296,196,2,all,all
1297,196,3,their,their
1298,196,4,hard,hard
1299,196,5,labor,labor
1300,196,6, ,","
1301,197,0,the,the
1302,197,1,Egyptians,Egyptians
1303,197,2,used,used
1304,197,3,them,them
1305,197,4, ,","
1306,198,0, ,..
1307,198,1,ruthlessly,ruthlessly
1308,198,2, ,.
1309,199,0, ,...
1310,199,1,The,The
1311,199,2,king,king
1312,199,3, ,","
1313,200,0,or,or
1314,200,1,the,the
1315,200,2,Pharaoh,Pharaoh
1316,200,3, ,","
1317,201,0, ,...
1318,201,1,was,was
1319,201,2,a,a
1320,201,3,little,little
1321,201,4,upset,upset
1322,201,5, ,.
1323,202,0,Because,Because
1324,202,1, ,","
1325,203,0, ,...
1326,203,1,the,the
1327,203,2,Israelites,Israelites
1328,203,3, ,","
1329,204,0,who,who
1330,204,1,were,were
1331,204,2,their,their
1332,204,3,slaves,slaves
1333,204,4, ,.
1334,205,0, ,..
1335,205,1,who,who
1336,205,2,were,were
1337,205,3,their,their
1338,205,4,servants,servants
1339,205,5, ,.
1340,206,0, ,...
1341,206,1,As,As
1342,206,2,they,they
1343,206,3,took,took
1344,206,4,a,a
1345,206,5,census,census
1346,206,6, ,","
1347,207,0, ,..
1348,207,1,they,they
1349,207,2,realized,realized
1350,207,3, ,","
1351,208,0,that,that
1352,208,1,the,the
1353,208,2,Israelites',Israelites'
1354,208,3, ,...
1355,208,4,numbers,n:umbers
1356,208,5, ,","
1357,209,0, ,...
1358,209,1,were,were:
1359,209,2,catching,catching
1360,209,3,up,up
1361,209,4, ,.
1362,210,0, ,...
1363,210,1,With,With
1364,210,2,their,their
1365,210,3,own,own
1366,210,4, ,.
1367,211,0, ,..
1368,211,1,Of,Of
1369,211,2,the,the
1370,211,3,Egyptians,Egyptians
1371,211,4, ,.
1372,212,0, ,..
1373,212,1,And,And
1374,212,2,this,this
1375,212,3,was,was
1376,212,4,upsetting,upsetting
1377,212,5, ,","
1378,213,0,because,because
1379,213,1,he,he
1380,213,2,saw,saw
1381,213,3,this,this
1382,213,4,as,as
1383,213,5,a,a
1384,213,6, ,..
1385,213,7,national,national
1386,213,8,threat,threat
1387,213,9, ,.
1388,214,0, ,...
1389,214,1, ,...
1390,214,2,From,From
1391,214,3,his,his
1392,214,4,perspective,perspective
1393,214,5, ,","
1394,215,0,they,they
1395,215,1,w,w-
1396,215,2, ,--
1397,216,0, ,..
1398,216,1,they,they
1399,216,2,r,r-
1400,216,3, ,--
1401,217,0, ,..
1402,217,1,you,you
1403,217,2,know,know
1404,217,3, ,","
1405,218,0,he,he
1406,218,1,just,just
1407,218,2,knew,knew
1408,218,3,that,that
1409,218,4,they,they
1410,218,5,were,were
1411,218,6,gonna,gonna
1412,218,7,grow,grow
1413,218,8,to,to
1414,218,9,a,a
1415,218,10,number,number
1416,218,11, ,","
1417,219,0,and,and
1418,219,1,they,they
1419,219,2,were,were
1420,219,3,gonna,gonna
1421,219,4,outnumber,outnumber
1422,219,5,the,the
1423,219,6,Egyptians,Egyptians
1424,219,7, ,","
1425,220,0,and,and
1426,220,1,then,then
1427,220,2,they,they
1428,220,3,were,were
1429,220,4,just,just
1430,220,5,gonna,gonna
1431,220,6,take,take
1432,220,7,over,over
1433,220,8, ,.
1434,221,0, ,..
1435,221,1,You,You
1436,221,2,know,know
1437,221,3, ,","
1438,222,0,if,if
1439,222,1,any,any
1440,222,2,other,other
1441,222,3,countries,countries
1442,222,4,decided,decided
1443,222,5,to,to
1444,222,6,attack,attack
1445,222,7, ,","
1446,223,0,Uh,Uh
1447,223,1, ,","
1448,224,0,and,and
1449,224,1, ,","
1450,225,0, ,...
1451,225,1,to,to:
1452,225,2, ,..
1453,225,3,to,to
1454,225,4,battle,battle
1455,225,5, ,","
1456,226,0, ,..
1457,226,1,uh,uh
1458,226,2, ,","
1459,227,0, ,..
1460,227,1,the,the
1461,227,2,Egyptians,Egyptians
1462,227,3, ,","
1463,228,0,that,that
1464,228,1,he,he
1465,228,2,just,just
1466,228,3,knew,knew
1467,228,4,that,that
1468,228,5,the,the
1469,228,6,Israelites,Israelites
1470,228,7,were,were
1471,228,8,gonna,gonna
1472,228,9,join,join
1473,228,10,them,them
1474,228,11, ,","
1475,229,0,and,and
1476,229,1,were,were
1477,229,2,gonna,gonna
1478,229,3, ,..
1479,229,4,overthrow,overthrow
1480,229,5,from,from
1481,229,6,the,the
1482,229,7,inside,inside
1483,229,8, ,.
1484,230,0, ,...
1485,230,1,So,So
1486,230,2,the,the
1487,230,3,next,next
1488,230,4,part,part
1489,230,5,of,of
1490,230,6,the,the
1491,230,7,chapter,chapter
1492,230,8, ,","
1493,231,0,he,he
1494,231,1,begins,begins
1495,231,2,to,to:
1496,231,3, ,","
1497,232,0,you,you
1498,232,1,know,know
1499,232,2, ,","
1500,233,0,first,first
1501,233,1,of,of
1502,233,2,all,all
1503,233,3,he,he
1504,233,4,b,b-
1505,233,5, ,--
1506,234,0,he,he
1507,234,1, ,..
1508,234,2,works,works
1509,234,3,the,the
1510,234,4,men,men
1511,234,5,very,very
1512,234,6,hard,hard
1513,234,7, ,.
1514,235,0,He,He
1515,235,1,said,said
1516,235,2,man,man
1517,235,3,if,if
1518,235,4,I,I
1519,235,5,work,work
1520,235,6,these,these
1521,235,7,guys,guys
1522,235,8,hard,ha:rd
1523,235,9, ,","
1524,236,0,there,there
1525,236,1,not,not
1526,236,2,gonna,gonna
1527,236,3,be,be
1528,236,4,going,going
1529,236,5,home,home
1530,236,6,to,to
1531,236,7,their,their
1532,236,8,wives,wives
1533,236,9, ,","
1534,237,0,and,and
1535,237,1,there,there
1536,237,2,not,not
1537,237,3,gonna,gonna
1538,237,4,be,be
1539,237,5, ,","
1540,238,0,uh,uh:
1541,238,1, ,","
1542,239,0, ,...
1543,239,1,having,having
1544,239,2,babies,babies
1545,239,3, ,.
1546,240,0, ,..
1547,240,1, ,[@@]
1548,241,0,You,[You
1549,241,1,know,|know
1550,241,2, ,","
1551,242,0,I,|I]
1552,242,1,guess,guess
1553,242,2,that,that
1554,242,3,was,was
1555,242,4,part,part
1556,242,5,of,of
1557,242,6,his,his
1558,242,7,plan,plan
1559,242,8, ,.
1560,243,0,That's,That's
1561,243,1,his,his
1562,243,2,first,first
1563,243,3,strategy,[strategy
1564,243,4, ,.
1565,244,0, ,[@@]
1566,245,0,so,|so]
1567,245,1,let's,let's
1568,245,2,make,make
1569,245,3,it,it
1570,245,4,hard,hard
1571,245,5,for,for
1572,245,6,them,them
1573,245,7, ,.
1574,246,0,Let's,Let's
1575,246,1,really,@really
1576,246,2,work,@work
1577,246,3, ,","
1578,247,0,work,work
1579,247,1,em,em
1580,247,2, ,","
1581,248,0, ,@@[@]
1582,249,0,so,[so
1583,249,1,that,|that]
1584,249,2,they're,they're
1585,249,3,too,too
1586,249,4,tired,tired
1587,249,5,to,to
1588,249,6,go,go
1589,249,7,home,home
1590,249,8, ,","
1591,250,0,and,and
1592,250,1, ,","
1593,251,0, ,..
1594,251,1,and,[and
1595,251,2,uh,|uh]
1596,251,3, ,","
1597,252,0, ,[@@]
1598,253,0,procreate,procreate
1599,253,1, ,.
1600,254,0, ,[:]:
1601,255,0,We'll,[We'll
1602,255,1,use,|use
1603,255,2,that,|that
1604,255,3,word,|word]
1605,255,4, ,.
1606,256,0,But,But
1607,256,1,that,that
1608,256,2,didn't,didn't
1609,256,3,work,work
1610,256,4, ,.
1611,257,0,Cause,Cause
1612,257,1,they,they
1613,257,2,st,st-
1614,257,3, ,--
1615,258,0,They,They
1616,258,1,continued,continued
1617,258,2,to,[to
1618,258,3, ,--
1619,259,0, ,[]
1620,260,0, ,|..
1621,260,1,They,|They
1622,260,2,Continued,|@Continued
1623,260,3, ,--
1624,261,0, ,|
1625,261,1, ,|
1626,261,2,They,|They
1627,261,3,continued,|continued
1628,261,4,to,|to
1629,261,5,d,|d-
1630,261,6, ,--
1631,262,0,to,|to
1632,262,1,uh,|uh]
1633,262,2, ,","
1634,263,0, ,..
1635,263,1,have,have
1636,263,2,babies,babies
1637,263,3, ,.
1638,264,0,And,And
1639,264,1,they,they
1640,264,2,continued,[continued
1641,264,3,to,|to]
1642,264,4,multiply,multiply
1643,264,5, ,.
1644,265,0, ,[@@]
1645,266,0, ,...
1646,266,1,So,So
1647,266,2,he,he
1648,266,3,g,g-
1649,266,4,devises,devises
1650,266,5,another,another
1651,266,6,plan,plan
1652,266,7, ,.
1653,267,0, ,..
1654,267,1,He,He
1655,267,2,goes,goes
1656,267,3,to,to
1657,267,4,the,the
1658,267,5,midwives,midwives
1659,267,6, ,.
1660,268,0, ,...
1661,268,1,You,You
1662,268,2,know,know
1663,268,3,the,the
1664,268,4,Israelites,Israelites
1665,268,5,had,had
1666,268,6,midwives,midwives
1667,268,7, ,.
1668,269,0,They,They
1669,269,1,didn't,didn't
1670,269,2,have,have
1671,269,3,doctors,doctors
1672,269,4, ,","
1673,270,0,but,but
1674,270,1,they,they
1675,270,2,had,had
1676,270,3, ,","
1677,271,0,uh,uh
1678,271,1, ,","
1679,272,0,women,women
1680,272,1, ,","
1681,273,0, ,...
1682,273,1,who,who
1683,273,2,when,when
1684,273,3,a,a
1685,273,4, ,","
1686,274,0,when,when
1687,274,1, ,...
1688,274,2,one,one
1689,274,3,of,of
1690,274,4,the,the
1691,274,5,Israelite,Israelite
1692,274,6,women,women
1693,274,7,were,were
1694,274,8,gonna,gonna
1695,274,9,have,have
1696,274,10,a,a
1697,274,11,baby,baby
1698,274,12, ,","
1699,275,0,then,then
1700,275,1,these,these
1701,275,2,midwives,midwives
1702,275,3,just,just
1703,275,4,come,come
1704,275,5,in,in
1705,275,6, ,","
1706,276,0,and,and
1707,276,1,help,help
1708,276,2, ,..
1709,276,3,in,in
1710,276,4,the,the
1711,276,5,labor,labor
1712,276,6,process,process
1713,276,7, ,.
1714,277,0, ,...
1715,277,1, ,...
1716,277,2,Or,Or
1717,277,3,in,in
1718,277,4,the,the
1719,277,5,birthing,birthing
1720,277,6,process,process
1721,277,7, ,.
1722,278,0, ,...
1723,278,1,And,And
1724,278,2,so,so
1725,278,3,he,he
1726,278,4,goes,goes
1727,278,5,to,to
1728,278,6,the,the
1729,278,7,midwives,midwives
1730,278,8,and,and
1731,278,9,says,says
1732,278,10, ,","
1733,279,0, ,..
1734,279,1,listen,listen
1735,279,2, ,.
1736,280,0,Here's,Here's
1737,280,1,what,what
1738,280,2,I,I
1739,280,3,want,want
1740,280,4,you,you
1741,280,5,to,to
1742,280,6,do,do
1743,280,7, ,.
1744,281,0, ,...
1745,281,1,you,you
1746,281,2,go,go
1747,281,3, ,","
1748,282,0,and,and
1749,282,1,you,you
1750,282,2,go,go
1751,282,3,ahead,ahead
1752,282,4, ,","
1753,283,0,and,and
1754,283,1,you,you
1755,283,2,do,do
1756,283,3,your,your
1757,283,4,part,part
1758,283,5, ,","
1759,284,0, ,..
1760,284,1,and,and
1761,284,2,you,you
1762,284,3,help,help
1763,284,4,these,these
1764,284,5, ,..
1765,284,6,these,these
1766,284,7,mothers,mothers
1767,284,8, ,","
1768,285,0,but,but
1769,285,1,if,if
1770,285,2,they,they
1771,285,3,have,have
1772,285,4,a,a
1773,285,5,boy,boy
1774,285,6, ,","
1775,286,0, ,...
1776,286,1,I,I
1777,286,2,want,want
1778,286,3,you,you
1779,286,4,to,to
1780,286,5,make,make
1781,286,6,sure,sure
1782,286,7,that,that
1783,286,8, ,","
1784,287,0, ,..
1785,287,1,that,that
1786,287,2,boy,boy
1787,287,3,dies,dies
1788,287,4, ,.
1789,288,0, ,...
1790,288,1,If,If
1791,288,2,it's,it's
1792,288,3,a,a
1793,288,4,girl,girl
1794,288,5, ,","
1795,289,0,you,you
1796,289,1,go,go
1797,289,2,ahead,ahead
1798,289,3,and,and
1799,289,4,let,let
1800,289,5,it,it
1801,289,6,live,live
1802,289,7, ,.
1803,290,0, ,...
1804,290,1,And,And
1805,290,2,that,that
1806,290,3,was,was
1807,290,4,his,his
1808,290,5,plan,plan
1809,290,6, ,.
1810,291,0, ,...
1811,291,1,Well,Well
1812,291,2,the,the
1813,291,3,midwives,midwives
1814,291,4, ,","
1815,292,0, ,...
1816,292,1,you,you
1817,292,2,know,know
1818,292,3, ,","
1819,293,0,what,what
1820,293,1,could,could
1821,293,2,they,they
1822,293,3,say,say
1823,293,4, ,","
1824,294,0,this,this
1825,294,1,is,is
1826,294,2,the,the
1827,294,3, ,..
1828,294,4,the,the
1829,294,5,Pharaoh,Pharaoh
1830,294,6, ,","
1831,295,0, ,..
1832,295,1,so,so
1833,295,2,they,they
1834,295,3,agreed,agreed
1835,295,4,to,to
1836,295,5,it,it
1837,295,6, ,","
1838,296,0,but,but
1839,296,1,then,then
1840,296,2,they,they
1841,296,3,didn't,didn't
1842,296,4,do,do
1843,296,5,it,it
1844,296,6, ,.
1845,297,0, ,...
1846,297,1,Because,Because
1847,297,2,they,they
1848,297,3,feared,feared
1849,297,4,God,God
1850,297,5, ,","
1851,298,0,more,more
1852,298,1,than,than
1853,298,2,they,they
1854,298,3,did,did
1855,298,4,Pharaoh,Pharaoh
1856,298,5, ,.
1857,299,0,And,And
1858,299,1,when,when
1859,299,2,uh,uh
1860,299,3,he,he
1861,299,4,calls,calls
1862,299,5,em,em
1863,299,6, ,","
1864,300,0,he,he
1865,300,1,says,says
1866,300,2,what's,what's
1867,300,3,going,going
1868,300,4,on,on
1869,300,5, ,.
1870,301,0,They're,They're
1871,301,1,still,still
1872,301,2,multiplying,multiplying
1873,301,3, ,.
1874,302,0, ,@@
1875,302,1,There's,[There's
1876,302,2,still,|still
1877,302,3,boys,|boys
1878,302,4,being,|being
1879,302,5,born,|born
1880,302,6,here,|here]
1881,302,7, ,.
1882,303,0, ,[@@@@
1883,303,1, ,|@@@@]
1884,304,0, ,...
1885,304,1,what,what
1886,304,2,is,is
1887,304,3,going,going
1888,304,4,on,on
1889,304,5, ,.
1890,305,0, ,...
1891,305,1,The,The
1892,305,2,midwives,midwives
1893,305,3,said,said
1894,305,4, ,","
1895,306,0, ,..
1896,306,1,well,well
1897,306,2,these,these
1898,306,3, ,","
1899,307,0, ,..
1900,307,1,these,these
1901,307,2,mothers,mothers
1902,307,3, ,","
1903,308,0, ,...
1904,308,1,they're,they're
1905,308,2,having,having
1906,308,3,the,the
1907,308,4,babies,babies
1908,308,5,without,without
1909,308,6,us,us
1910,308,7, ,.
1911,309,0, ,..
1912,309,1,You,You
1913,309,2,know,know
1914,309,3, ,","
1915,310,0,they're,they're
1916,310,1,not,not
1917,310,2,telling,telling
1918,310,3,us,us
1919,310,4, ,.
1920,311,0,And,And
1921,311,1,they're,they're
1922,311,2,just,just
1923,311,3,going,going
1924,311,4,ahead,ahead
1925,311,5,and,and
1926,311,6,having,having
1927,311,7,em,em
1928,311,8, ,.
1929,312,0,They're,They're
1930,312,1,s,s-
1931,312,2, ,--
1932,313,0, ,..
1933,313,1,sturdy,sturdy
1934,313,2,women,women
1935,313,3, ,.
1936,314,0, ,...
1937,314,1, ,[:]:
1938,315,0,It,[It
1939,315,1,says,|says
1940,315,2, ,","
1941,316,0, ,|..
1942,316,1,they,|they
1943,316,2,don't,|don't
1944,316,3,need,|need
1945,316,4,us,|us]
1946,316,5, ,.
1947,317,0, ,..
1948,317,1,And,And
1949,317,2,so,so
1950,317,3,Pharaoh,Pharaoh
1951,317,4,comes,comes
1952,317,5,up,up
1953,317,6,with,with
1954,317,7,another,another
1955,317,8,plan,plan
1956,317,9, ,.
1957,318,0,It,It
1958,318,1,ends,ends
1959,318,2,up,up
1960,318,3,in,in
1961,318,4,the,the
1962,318,5, ,...
1963,318,6,final,final
1964,318,7,verse,verse
1965,318,8,of,of
1966,318,9,this,this
1967,318,10,chapter,chapter
1968,318,11, ,.
1969,319,0, ,..
1970,319,1, ,...
1971,319,2,Verse,Verse
1972,319,3,twentytwo,twentytwo.
1973,319,4, ,-.
1974,320,0,Then,Then
1975,320,1,Pharaoh,Pharaoh
1976,320,2,gave,gave
1977,320,3,this,this
1978,320,4,order,order
1979,320,5, ,","
1980,321,0,to,to
1981,321,1,all,all
1982,321,2,his,his
1983,321,3,people,people
1984,321,4, ,.
1985,322,0,Every,Every
1986,322,1,boy,boy
1987,322,2,that,that
1988,322,3,is,is
1989,322,4,born,born
1990,322,5, ,","
1991,323,0,must,must
1992,323,1,be,be
1993,323,2, ,--
1994,324,0, ,...
1995,324,1,you,you
1996,324,2,must,must
1997,324,3,throw,throw
1998,324,4,into,into
1999,324,5,the,the
2000,324,6,Nile,Nile
2001,324,7, ,.
2002,325,0, ,..
2003,325,1,But,But
2004,325,2,let,let
2005,325,3,every,every
2006,325,4,girl,girl
2007,325,5,live,live
2008,325,6, ,.
2009,326,0, ,...
2010,326,1,So,So
2011,326,2,he's,he's
2012,326,3,ordering,ordering
2013,326,4,his,his
2014,326,5,people,people
2015,326,6,to,to
2016,326,7,go,go
2017,326,8, ,.
2018,327,0, ,..
2019,327,1,And,And
2020,327,2,every,every
2021,327,3,boy,boy
2022,327,4,that,that
2023,327,5,is,is
2024,327,6,born,born
2025,327,7,to,to
2026,327,8,the,the
2027,327,9,Israelites,Israelites
2028,327,10, ,","
2029,328,0, ,...
2030,328,1,to,to
2031,328,2, ,..
2032,328,3,to,to
2033,328,4,kill,kill
2034,328,5,em,em
2035,328,6, ,.
2036,329,0,Throw,Throw
2037,329,1,em,em
2038,329,2,in,in
2039,329,3,the,the
2040,329,4,river,river
2041,329,5, ,.
2042,330,0, ,...
2043,330,1,Well,Well
2044,330,2,Moses,Moses
2045,330,3,was,was
2046,330,4,born,born
2047,330,5,about,about
2048,330,6,this,this
2049,330,7,time,time
2050,330,8, ,.
2051,331,0, ,...
2052,331,1,And,And
2053,331,2,this,this
2054,331,3,is,is
2055,331,4,how,how
2056,331,5,God,God
2057,331,6,preserved,preserved
2058,331,7, ,...
2059,331,8,Moses,Moses
2060,331,9, ,.
2061,332,0, ,...
2062,332,1,Now,Now
2063,332,2,Moses's,Moses's
2064,332,3,mother,mother
2065,332,4, ,...
2066,332,5,loved,loved
2067,332,6,her,her
2068,332,7,child,child
2069,332,8, ,.
2070,333,0, ,...
2071,333,1,And,And
2072,333,2,she,she
2073,333,3,didn't,didn't
2074,333,4,want,want
2075,333,5,to,to
2076,333,6,throw,throw
2077,333,7,him,him
2078,333,8,in,in
2079,333,9, ,.
2080,334,0,I,I
2081,334,1,don't,don't
2082,334,2,think,think
2083,334,3,any,any
2084,334,4,of,of
2085,334,5,the,the
2086,334,6,mothers,mothers
2087,334,7,did,did
2088,334,8, ,.
2089,335,0, ,...
2090,335,1,And,And
2091,335,2,she,she
2092,335,3,wasn't,wasn't
2093,335,4,gonna,gonna
2094,335,5,do,do
2095,335,6,it,it
2096,335,7,herself,herself
2097,335,8, ,","
2098,336,0, ,..
2099,336,1,and,and
2100,336,2,she,she
2101,336,3,was,was
2102,336,4,one,one
2103,336,5,of,of
2104,336,6,these,these
2105,336,7,that,that
2106,336,8,had,had
2107,336,9,the,the
2108,336,10,baby,baby
2109,336,11, ,","
2110,337,0,without,without
2111,337,1,telling,telling
2112,337,2,anybody,anybody
2113,337,3, ,","
2114,338,0,except,except
2115,338,1,her,her
2116,338,2,immediate,immediate
2117,338,3,family,family
2118,338,4, ,.
2119,339,0, ,...
2120,339,1,And,And
2121,339,2,Moses,Moses
2122,339,3,already,already
2123,339,4, ,","
2124,340,0, ,...
2125,340,1,when,when
2126,340,2,he,he
2127,340,3,was,was
2128,340,4,born,born
2129,340,5, ,","
2130,341,0, ,..
2131,341,1,had,had
2132,341,2,an,an
2133,341,3,older,older
2134,341,4,sister,sister
2135,341,5,and,and
2136,341,6,an,an
2137,341,7,older,older
2138,341,8,brother,brother
2139,341,9, ,.
2140,342,0, ,...
2141,342,1,And,And
2142,342,2,the,the
2143,342,3,mother,mother
2144,342,4, ,","
2145,343,0, ,..
2146,343,1,now,now
2147,343,2,when,when
2148,343,3,I,I
2149,343,4,was,was
2150,343,5,growing,growing
2151,343,6,up,up
2152,343,7, ,","
2153,344,0,and,and
2154,344,1,I,I
2155,344,2,heard,heard
2156,344,3,this,this
2157,344,4,story,story
2158,344,5, ,","
2159,345,0,I,I
2160,345,1,just,just
2161,345,2,assumed,assumed
2162,345,3,that,that
2163,345,4,the,the
2164,345,5,mother,mother
2165,345,6, ,","
2166,346,0,was,was
2167,346,1,hiding,hiding
2168,346,2,the,the
2169,346,3,baby,baby
2170,346,4,in,in
2171,346,5,the,the
2172,346,6,reeds,reeds
2173,346,7, ,.
2174,347,0,And,And
2175,347,1,that's,that's
2176,347,2,where,where
2177,347,3,she,she
2178,347,4,was,was
2179,347,5,hiding,hiding
2180,347,6,him,him
2181,347,7, ,.
2182,348,0,But,But
2183,348,1,it,it
2184,348,2,says,says
2185,348,3,for,for
2186,348,4,three,three
2187,348,5,months,months
2188,348,6, ,","
2189,349,0,she,she
2190,349,1,hid,hid
2191,349,2,the,the
2192,349,3,baby,baby
2193,349,4, ,","
2194,350,0,didn't,didn't
2195,350,1,say,say
2196,350,2,anything,anything
2197,350,3,about,about
2198,350,4,the,the
2199,350,5, ,%:
2200,350,6, ,..
2201,350,7,the,the
2202,350,8, ,--
2203,351,0,in,in
2204,351,1,the,the
2205,351,2,river,river
2206,351,3, ,","
2207,352,0,or,or
2208,352,1,in,in
2209,352,2,the,the
2210,352,3, ,","
2211,353,0,in,in
2212,353,1,the,the
2213,353,2,uh,uh
2214,353,3, ,..
2215,353,4,basket,basket
2216,353,5, ,.
2217,354,0,Uh,Uh
2218,354,1, ,","
2219,355,0,but,but
2220,355,1,then,then
2221,355,2,when,when
2222,355,3,he,he
2223,355,4,was,was
2224,355,5,three,three
2225,355,6,months,months
2226,355,7,old,old
2227,355,8, ,","
2228,356,0, ,..
2229,356,1,she,she
2230,356,2,j,j-
2231,356,3, ,--
2232,357,0,she,she
2233,357,1, ,..
2234,357,2,was,was
2235,357,3,assuming,assuming
2236,357,4,that,that
2237,357,5,she,she
2238,357,6,was,was
2239,357,7,gonna,gonna
2240,357,8,get,get
2241,357,9,caught,caught
2242,357,10,pretty,pretty
2243,357,11,soon,soon
2244,357,12, ,","
2245,358,0, ,..
2246,358,1,and,and
2247,358,2,so,so
2248,358,3,she,she
2249,358,4,devised,devised
2250,358,5,a,a
2251,358,6,plan,plan
2252,358,7, ,.
2253,359,0, ,..
2254,359,1,And,And
2255,359,2,it,it
2256,359,3,doesn't,doesn't
2257,359,4,say,say
2258,359,5,here,here
2259,359,6,that,that
2260,359,7,she,she
2261,359,8,devised,devised
2262,359,9,a,a
2263,359,10,plan,plan
2264,359,11, ,","
2265,360,0, ,..
2266,360,1,but,but
2267,360,2, ,","
2268,361,0,believe,believe
2269,361,1,me,me
2270,361,2, ,","
2271,362,0, ,...
2272,362,1,This,This
2273,362,2,mother,mother
2274,362,3,knew,knew
2275,362,4,what,what
2276,362,5,she,she
2277,362,6,was,was
2278,362,7,doing,doing
2279,362,8, ,.
2280,363,0, ,...
2281,363,1,She,She
2282,363,2,b,b-
2283,363,3, ,..
2284,363,4,she,she
2285,363,5,m,m-
2286,363,6, ,..
2287,363,7,got,got
2288,363,8,a,a
2289,363,9,basket,basket
2290,363,10, ,.
2291,364,0, ,...
2292,364,1,She,She
2293,364,2, ,..
2294,364,3,perhaps,perhaps
2295,364,4,made,made
2296,364,5,the,the
2297,364,6,basket,basket
2298,364,7, ,.
2299,365,0, ,...
2300,365,1,Probably,Probably
2301,365,2,did,did
2302,365,3, ,.
2303,366,0,and,and
2304,366,1,then,then
2305,366,2,she,she
2306,366,3,put,put
2307,366,4, ,","
2308,367,0, ,...
2309,367,1,what,what
2310,367,2,they,they
2311,367,3,call,call
2312,367,4,pitch,pitch
2313,367,5, ,","
2314,368,0,or,or
2315,368,1,tar,tar
2316,368,2, ,","
2317,369,0, ,..
2318,369,1,uh,uh
2319,369,2, ,","
2320,370,0,on,on
2321,370,1,it,it
2322,370,2, ,","
2323,371,0,so,so
2324,371,1,that,that
2325,371,2,it,it
2326,371,3, ,..
2327,371,4,would,would
2328,371,5,float,float
2329,371,6, ,.
2330,372,0, ,...
2331,372,1,So,So
2332,372,2,that,that
2333,372,3,water,water
2334,372,4,wouldn't,wouldn't
2335,372,5,come,come
2336,372,6,up,up
2337,372,7,through,through
2338,372,8,it,it
2339,372,9, ,.
2340,373,0,And,And
2341,373,1,she,she
2342,373,2,put,put
2343,373,3, ,..
2344,373,4,a,a
2345,373,5,blanket,blanket
2346,373,6, ,","
2347,374,0, ,..
2348,374,1,put,put
2349,374,2,the,the
2350,374,3,baby,baby
2351,374,4,in,in
2352,374,5,it,it
2353,374,6, ,","
2354,375,0, ,...
2355,375,1,wrapped,wrapped
2356,375,2,the,the
2357,375,3,baby,baby
2358,375,4,in,in
2359,375,5,it,"it,"
2360,375,6, ,"-,"
2361,376,0,and,and
2362,376,1,she,she
2363,376,2,told,told
2364,376,3, ,--
2365,377,0, ,..
2366,377,1,she,she
2367,377,2,brought,brought
2368,377,3,it,it
2369,377,4,down,down
2370,377,5,to,to
2371,377,6,the,the
2372,377,7,river,river
2373,377,8, ,.
2374,378,0, ,..
2375,378,1,Now,Now
2376,378,2,she,she
2377,378,3,didn't,didn't
2378,378,4,just,just
2379,378,5,go,go
2380,378,6,anywhere,anywhere
2381,378,7,in,in
2382,378,8,the,the
2383,378,9,river,river
2384,378,10, ,","
2385,379,0, ,..
2386,379,1,She,She
2387,379,2,brought,brought
2388,379,3,it,it
2389,379,4,to,to
2390,379,5,a,a
2391,379,6,specific,specific
2392,379,7,place,place
2393,379,8, ,.
2394,380,0, ,..
2395,380,1,Not,Not
2396,380,2,just,just
2397,380,3,because,because
2398,380,4,there,there
2399,380,5,were,were
2400,380,6,reeds,reeds
2401,380,7,there,there
2402,380,8, ,","
2403,381,0,but,but
2404,381,1,because,because
2405,381,2, ,","
2406,382,0, ,..
2407,382,1,the,the
2408,382,2,Pharaoh's,Pharaoh's
2409,382,3,daughter,daughter
2410,382,4,bathed,ba:thed
2411,382,5, ,..
2412,382,6,there,there
2413,382,7, ,.
2414,383,0, ,...
2415,383,1,And,And
2416,383,2,this,this
2417,383,3,was,was
2418,383,4,a,a
2419,383,5,selected,selected
2420,383,6,place,place
2421,383,7, ,.
2422,384,0,The,The
2423,384,1,mother,mother
2424,384,2,took,took
2425,384,3,the,the
2426,384,4,baby,baby
2427,384,5, ,","
2428,385,0,put,put
2429,385,1,the,the
2430,385,2,baby,baby
2431,385,3, ,","
2432,386,0,put,put
2433,386,1,Moses,Moses
2434,386,2, ,..
2435,386,3,in,in
2436,386,4,the,the
2437,386,5,water,water
2438,386,6, ,.
2439,387,0, ,...
2440,387,1,And,And
2441,387,2,told,told
2442,387,3,her,her
2443,387,4,sister,sister
2444,387,5,to,to
2445,387,6,keep,keep
2446,387,7,an,an
2447,387,8,eye,eye
2448,387,9,on,on
2449,387,10,it,it
2450,387,11, ,.
2451,388,0, ,...
2452,388,1,To,To
2453,388,2,keep,keep
2454,388,3,an,an
2455,388,4,eye,eye
2456,388,5,on,on
2457,388,6,him,him
2458,388,7,so,so
2459,388,8,that,that
2460,388,9, ,","
2461,389,0,nothing,nothing
2462,389,1,bad,bad
2463,389,2,happened,happened
2464,389,3, ,","
2465,390,0,but,but
2466,390,1,also,also
2467,390,2, ,","
2468,391,0,there,there
2469,391,1,was,was
2470,391,2,an,an-
2471,391,3,another,another
2472,391,4,motive,motive
2473,391,5, ,","
2474,392,0,that,that
2475,392,1,we'll,we'll
2476,392,2,get,get
2477,392,3,to,to
2478,392,4,in,in
2479,392,5,just,just
2480,392,6,a,a
2481,392,7,second,second
2482,392,8, ,.
2483,393,0, ,...
2484,393,1,So,So
2485,393,2,the,the
2486,393,3,w,w-
2487,393,4, ,--
2488,394,0,so,so
2489,394,1,Moses,Moses
2490,394,2,was,was
2491,394,3,floating,floating
2492,394,4,along,along
2493,394,5,in,in
2494,394,6,the,the
2495,394,7,water,water
2496,394,8, ,.
2497,395,0, ,...
2498,395,1,The,The
2499,395,2,Pharaoh's,Pharaoh's
2500,395,3,daughter,daughter
2501,395,4,came,came
2502,395,5,down,down
2503,395,6,to,to
2504,395,7, ,--
2505,396,0,to,to
2506,396,1,take,take
2507,396,2,her,her
2508,396,3,bath,bath
2509,396,4, ,?
2510,397,0, ,...
2511,397,1,And,And
2512,397,2,she,she
2513,397,3,sees,sees
2514,397,4,the,the
2515,397,5,basket,basket
2516,397,6, ,.
2517,398,0, ,..
2518,398,1,And,And
2519,398,2,she,she
2520,398,3,sends,sends
2521,398,4,her,her
2522,398,5,servant,servant
2523,398,6,out,out
2524,398,7,to,to
2525,398,8,get,get
2526,398,9,the,the
2527,398,10,basket,basket
2528,398,11,and,and
2529,398,12,bring,bring
2530,398,13,it,it
2531,398,14,to,to
2532,398,15,her,her
2533,398,16, ,.
2534,399,0,And,And
2535,399,1,she,she
2536,399,2,opens,opens
2537,399,3,it,it
2538,399,4,up,up
2539,399,5, ,","
2540,400,0,there's,there's
2541,400,1,Moses,Moses
2542,400,2, ,","
2543,401,0,and,and
2544,401,1,he,he
2545,401,2,begins,begins
2546,401,3,to,to
2547,401,4,cry,cry
2548,401,5, ,","
2549,402,0,and,and
2550,402,1, ,..
2551,402,2,Pharaoh's,Pharaoh's
2552,402,3,daughter,daughter
2553,402,4,felt,felt
2554,402,5,sorry,sorry
2555,402,6,for,for
2556,402,7,Moses,Moses
2557,402,8, ,.
2558,403,0, ,...
2559,403,1,And,And
2560,403,2,she,she
2561,403,3,just,just
2562,403,4,decided,decided
2563,403,5,to,to
2564,403,6,keep,keep
2565,403,7,him,him
2566,403,8, ,.
2567,404,0, ,...
2568,404,1,It,It
2569,404,2,said,said
2570,404,3, ,","
2571,405,0,she,she
2572,405,1,realized,realized
2573,405,2,said,said
2574,405,3,this,this
2575,405,4,is,is
2576,405,5,an,an
2577,405,6,Israelite,Israelite
2578,405,7,baby,baby
2579,405,8, ,.
2580,406,0, ,...
2581,406,1,Aw,Aw-
2582,406,2,aw,aw
2583,406,3, ,","
2584,407,0,poor,poor
2585,407,1,thing,thi:ng
2586,407,2, ,.
2587,408,0, ,@@@@
2588,409,0, ,...
2589,409,1,And,And
2590,409,2,so,so
2591,409,3,she,she
2592,409,4, ,","
2593,410,0, ,..
2594,410,1,she,she
2595,410,2,decides,decides
2596,410,3,to,to
2597,410,4,keep,keep
2598,410,5,him,him
2599,410,6, ,.
2600,411,0, ,..
2601,411,1,Well,We:ll
2602,411,2, ,.
2603,412,0, ,...
2604,412,1,Here's,Here's
2605,412,2,what,what
2606,412,3, ,..
2607,412,4,pha,pha-
2608,412,5, ,--
2609,413,0,uh,uh
2610,413,1, ,","
2611,414,0,Moses's,Moses's
2612,414,1,sister,sister
2613,414,2,did,did
2614,414,3, ,.
2615,415,0, ,...
2616,415,1,That,That
2617,415,2,was,was
2618,415,3,her,her
2619,415,4,cue,cue
2620,415,5, ,.
2621,416,0, ,..
2622,416,1,She,She
2623,416,2,comes,comes
2624,416,3,out,out
2625,416,4,from,from
2626,416,5,hiding,hiding
2627,416,6, ,","
2628,417,0,and,and
2629,417,1,says,says
2630,417,2, ,","
2631,418,0, ,..
2632,418,1,Oh,Oh
2633,418,2, ,","
2634,419,0, ,...
2635,419,1,whatever,whatever
2636,419,2,your,your
2637,419,3,name,name
2638,419,4,is,is
2639,419,5, ,","
2640,420,0, ,@@@
2641,420,1, ,[
2642,420,2, ,|@@@
2643,420,3, ,|
2644,421,0, ,[]
2645,422,0,says,|says]
2646,422,1, ,","
2647,423,0, ,..
2648,423,1,oh,oh
2649,423,2, ,","
2650,424,0,mighty,mighty
2651,424,1,princess,princess
2652,424,2, ,.
2653,425,0, ,...
2654,425,1,Allow,Allow
2655,425,2,me,me:
2656,425,3, ,","
2657,426,0, ,..
2658,426,1,to,to
2659,426,2,get,get
2660,426,3,a,a
2661,426,4,nurse,nurse
2662,426,5,for,for
2663,426,6, ,..
2664,426,7,the,the
2665,426,8,baby,baby
2666,426,9, ,.
2667,427,0, ,...
2668,427,1,I,I
2669,427,2,know,know
2670,427,3,of,of
2671,427,4,an,an
2672,427,5,Israelite,Israelite
2673,427,6,nurse,nurse
2674,427,7, ,","
2675,428,0,that,that
2676,428,1,can,can
2677,428,2,take,take
2678,428,3,care,care
2679,428,4, ,...
2680,428,5,of,of
2681,428,6,this,this
2682,428,7,baby,baby
2683,428,8, ,.
2684,429,0, ,...
2685,429,1,Guess,Guess
2686,429,2,who,who
2687,429,3, ,.
2688,430,0, ,...
2689,430,1,Her,Her
2690,430,2,mother,mother
2691,430,3, ,.
2692,431,0, ,...
2693,431,1,So,So
2694,431,2,she,she
2695,431,3,goes,goes
2696,431,4,and,and
2697,431,5,gets,gets:
2698,431,6, ,..
2699,431,7,the,the
2700,431,8,mother,mother
2701,431,9, ,.
2702,432,0,Now,Now
2703,432,1, ,.
2704,433,0, ,...
2705,433,1,Why,Why
2706,433,2,do,do
2707,433,3,I,I
2708,433,4,think,think
2709,433,5,this,this
2710,433,6,is,is
2711,433,7,something,something
2712,433,8,that,that
2713,433,9, ,...
2714,433,10,the,the
2715,433,11,mother,mother
2716,433,12,knew,knew
2717,433,13,about,about
2718,433,14, ,.
2719,434,0, ,...
2720,434,1,Cause,Cause
2721,434,2,it,it
2722,434,3,ends,ends
2723,434,4,up,up
2724,434,5,that,that
2725,434,6, ,","
2726,435,0, ,..
2727,435,1, ,.
2728,435,2,the,the
2729,435,3,mother,mother
2730,435,4, ,","
2731,436,0, ,..
2732,436,1,not,not
2733,436,2,only,only
2734,436,3, ,","
2735,437,0, ,...
2736,437,1,had,had
2737,437,2,her,her
2738,437,3,child,child
2739,437,4, ,","
2740,438,0, ,...
2741,438,1,to,to
2742,438,2,stay,stay
2743,438,3,alive,alive
2744,438,4, ,.
2745,439,0, ,...
2746,439,1,But,But
2747,439,2,she,she
2748,439,3,also,also
2749,439,4, ,","
2750,440,0, ,...
2751,440,1,got,got
2752,440,2,to,to
2753,440,3,take,take
2754,440,4,care,care
2755,440,5,of,of
2756,440,6,him,him
2757,440,7, ,","
2758,441,0, ,...
2759,441,1,and,and
2760,441,2,got,got
2761,441,3,paid,paid
2762,441,4,for,for
2763,441,5,it,it
2764,441,6, ,.
2765,442,0, ,..
2766,443,0, ,..
2767,443,1,So,So
2768,443,2,God,God
2769,443,3,not,not
2770,443,4,only,only
2771,443,5,spared,spared
2772,443,6,his,his
2773,443,7,life,life
2774,443,8, ,","
2775,444,0,but,but
2776,444,1,He,He
2777,444,2,provided,provided
2778,444,3, ,","
2779,445,0, ,..
2780,445,1,uh,uh
2781,445,2, ,","
2782,446,0,for,for
2783,446,1, ,--
2784,447,0, ,...
2785,447,1,for,for
2786,447,2,that,that
2787,447,3,whole,whole
2788,447,4,family,family
2789,447,5, ,.
2790,448,0, ,..
2791,448,1,But,But
2792,448,2,especially,especially
2793,448,3,for,for
2794,448,4,Moses,Moses
2795,448,5, ,.
2796,449,0, ,...
2797,449,1,So,So
2798,449,2,we,we
2799,449,3,see,see
2800,449,4,how,how
2801,449,5, ,","
2802,450,0, ,...
2803,450,1,God,God
2804,450,2,preserved,preserved
2805,450,3, ,","
2806,451,0, ,...
2807,451,1,Moses,Moses
2808,451,2, ,.
2809,452,0, ,...
2810,452,1,We,We
2811,452,2,also,also
2812,452,3,see,see
2813,452,4,how,how
2814,452,5,God,God
2815,452,6, ,..
2816,452,7,prepared,prepared
2817,452,8,Moses,Moses
2818,452,9, ,","
2819,453,0, ,..
2820,453,1,because,because
2821,453,2,in,in
2822,453,3,the,the
2823,453,4, ,--
2824,454,0, ,...
2825,454,1,Moses's,Moses's
2826,454,2,life,life
2827,454,3,is,is
2828,454,4,kinda,kinda
2829,454,5,divided,divided
2830,454,6,into,into
2831,454,7,three,three
2832,454,8, ,..
2833,454,9,stages,stages
2834,454,10, ,.
2835,455,0,Each,Each
2836,455,1,being,being
2837,455,2,forty,forty
2838,455,3,years,years
2839,455,4, ,.
2840,456,0,The,The
2841,456,1,first,first
2842,456,2,forty,forty
2843,456,3,years,years
2844,456,4,he,he
2845,456,5,was,was
2846,456,6,in,in
2847,456,7,Egypt,Egypt
2848,456,8, ,.
2849,457,0, ,...
2850,457,1,The,The
2851,457,2,second,second
2852,457,3,forty,forty
2853,457,4,years,years
2854,457,5,he,he
2855,457,6,was,was
2856,457,7, ,..
2857,457,8,a,a
2858,457,9,shepherd,shepherd
2859,457,10, ,.
2860,458,0, ,..
2861,458,1, ,...
2862,458,2,And,And
2863,458,3,the,the
2864,458,4,third,third
2865,458,5,forty,forty
2866,458,6,years,years
2867,458,7,he,he
2868,458,8,was,was
2869,458,9,leading,l:eading
2870,458,10,the,the
2871,458,11,people,people
2872,458,12,out,out
2873,458,13,of,of
2874,458,14,Israel,Israel
2875,458,15, ,.
2876,459,0, ,...
2877,459,1,And,And
2878,459,2,in,in
2879,459,3,this,this
2880,459,4,first,first
2881,459,5,forty,forty
2882,459,6,years,years
2883,459,7, ,.
2884,460,0, ,...
2885,460,1,Moses,Moses
2886,460,2, ,..
2887,460,3,got,got
2888,460,4,the,the
2889,460,5,best,best
2890,460,6,training,training
2891,460,7, ,","
2892,461,0, ,...
2893,461,1,in,in
2894,461,2,the,the
2895,461,3,world,world
2896,461,4,at,at
2897,461,5,that,that
2898,461,6,time,time
2899,461,7, ,.
2900,462,0, ,...
2901,462,1, ,..
2902,462,2,His,His
2903,462,3,foundational,foundational
2904,462,4,training,training
2905,462,5,came,came
2906,462,6,from,from
2907,462,7,his,his
2908,462,8,mother,mother
2909,462,9, ,.
2910,463,0, ,...
2911,463,1,Cause,Cause
2912,463,2,as,as
2913,463,3,the,the
2914,463,4,nanny,nanny
2915,463,5, ,","
2916,464,0, ,...
2917,464,1,and,and
2918,464,2,that's,that's
2919,464,3,what,what
2920,464,4,she,she
2921,464,5,was,was
2922,464,6,at,at
2923,464,7,that,that
2924,464,8,point,point
2925,464,9, ,","
2926,465,0,even,even
2927,465,1,though,though
2928,465,2,she,she
2929,465,3,was,was
2930,465,4,his,his
2931,465,5,mother,mother
2932,465,6, ,","
2933,466,0,she,she
2934,466,1,was,was
2935,466,2,his,his
2936,466,3,nanny,nanny
2937,466,4, ,","
2938,467,0, ,..
2939,467,1, ,...
2940,467,2,She,She
2941,467,3, ,..
2942,467,4,trained,trained
2943,467,5,him,him
2944,467,6, ,...
2945,467,7,in,in
2946,467,8,the,the
2947,467,9,foundations,foundations
2948,467,10, ,","
2949,468,0, ,...
2950,468,1,uh,uh
2951,468,2, ,","
2952,469,0,trained,trained
2953,469,1,him,him
2954,469,2, ,","
2955,470,0,taught,taught
2956,470,1,him,him
2957,470,2,who,who
2958,470,3,he,he
2959,470,4,was,was
2960,470,5, ,","
2961,471,0, ,...
2962,471,1,taught,taught
2963,471,2,him,him
2964,471,3,about,about
2965,471,4,his,his
2966,471,5,Hebrew,Hebrew
2967,471,6,origin,origin
2968,471,7, ,","
2969,472,0, ,...
2970,472,1,and,and
2971,472,2,the,the
2972,472,3,customs,customs
2973,472,4,of,of
2974,472,5,the,the
2975,472,6,Israel,Israel-
2976,472,7, ,...
2977,472,8,Israelites,Israelites
2978,472,9, ,.
2979,473,0, ,...
2980,473,1,Taught,Taught
2981,473,2,him,him
2982,473,3,the,the
2983,473,4,foundational,foundational
2984,473,5,belief,belief
2985,473,6, ,...
2986,473,7,in,in
2987,473,8, ,..
2988,473,9,the,the
2989,473,10,true,true
2990,473,11,God,God
2991,473,12, ,","
2992,474,0, ,...
2993,474,1,taught,taught
2994,474,2,him,him
2995,474,3,of,of
2996,474,4,God's,God's
2997,474,5,promise,promise
2998,474,6,to,to
2999,474,7,Abraham,Abraham
3000,474,8, ,","
3001,475,0,to,to
3002,475,1,multiply,multiply
3003,475,2, ,..
3004,475,3,his,his
3005,475,4,descendants,descendants
3006,475,5, ,","
3007,476,0, ,..
3008,476,1,and,and
3009,476,2,make,make
3010,476,3,a,a
3011,476,4, ,..
3012,476,5,mighty,mighty
3013,476,6,nation,nation
3014,476,7, ,","
3015,477,0, ,...
3016,477,1,of,of
3017,477,2,them,them
3018,477,3, ,.
3019,478,0, ,...
3020,478,1,Probably,Probably
3021,478,2,the,the
3022,478,3,first,first
3023,478,4,four,four
3024,478,5,or,or
3025,478,6,five,five
3026,478,7,years,years
3027,478,8, ,","
3028,479,0, ,...
3029,479,1,the,the
3030,479,2,bulk,bulk
3031,479,3,of,of
3032,479,4,his,his
3033,479,5,time,time
3034,479,6,was,was
3035,479,7,spent,spent
3036,479,8,with,with
3037,479,9,his,his
3038,479,10,mother,mother
3039,479,11, ,.
3040,480,0, ,...
3041,480,1,And,And
3042,480,2,he,he
3043,480,3, ,","
3044,481,0, ,...
3045,481,1,I'm,I'm
3046,481,2,sure,sure
3047,481,3,she,she
3048,481,4,told,told
3049,481,5,him,him
3050,481,6,that,that
3051,481,7, ,","
3052,482,0, ,...
3053,482,1,that,that
3054,482,2,uh,uh
3055,482,3, ,","
3056,483,0,she,she
3057,483,1,was,was
3058,483,2,his,his
3059,483,3,mother,mother
3060,483,4, ,","
3061,484,0,his,his
3062,484,1,real,real
3063,484,2,mother,mother
3064,484,3, ,","
3065,485,0, ,...
3066,485,1,and,and
3067,485,2,and,and
3068,485,3,about,about
3069,485,4,what,what
3070,485,5,had,had
3071,485,6,happened,happened
3072,485,7, ,","
3073,486,0,cause,cause
3074,486,1,we,we
3075,486,2,wouldn't,wouldn't
3076,486,3,know,know
3077,486,4,about,about
3078,486,5,it,it
3079,486,6, ,","
3080,487,0, ,..
3081,487,1,uh,uh
3082,487,2, ,","
3083,488,0, ,..
3084,488,1,if,if
3085,488,2, ,..
3086,488,3,she,she
3087,488,4,didn't,didn't
3088,488,5, ,.
3089,489,0, ,...
3090,489,1,But,But
3091,489,2,not,not
3092,489,3,only,only
3093,489,4,did,did
3094,489,5,he,he
3095,489,6,get,get
3096,489,7,this,this
3097,489,8,religious,religious
3098,489,9,training,training
3099,489,10, ,","
3100,490,0, ,...
3101,490,1,and,and
3102,490,2,this,this
3103,490,3,foundational,foundational
3104,490,4, ,..
3105,490,5,belief,belief
3106,490,6, ,..
3107,490,7,in,in
3108,490,8,a,a
3109,490,9,r,r-
3110,490,10,in,in
3111,490,11,a,a
3112,490,12,real,real
3113,490,13,God,God
3114,490,14, ,","
3115,491,0, ,...
3116,491,1,but,but
3117,491,2,he,he
3118,491,3,also,also
3119,491,4, ,","
3120,492,0,was,was
3121,492,1,exposed,exposed
3122,492,2,to,to
3123,492,3,the,the
3124,492,4,best,best
3125,492,5,education,education
3126,492,6,that,that
3127,492,7,Egypt,Egypt
3128,492,8,had,had
3129,492,9,to,to
3130,492,10,offer,offer
3131,492,11, ,.
3132,493,0, ,..
3133,493,1,Exposed,Exposed
3134,493,2,to,to
3135,493,3,the,the
3136,493,4,wisest,wisest
3137,493,5,teachers,teachers
3138,493,6, ,","
3139,494,0,and,and
3140,494,1,the,the
3141,494,2,best,best
3142,494,3,culture,culture
3143,494,4,offered,offered
3144,494,5,in,in
3145,494,6,the,the
3146,494,7,world,world
3147,494,8,at,at
3148,494,9,that,that
3149,494,10,time,time
3150,494,11, ,","
3151,495,0,he,he
3152,495,1,learned,learned
3153,495,2,about,about
3154,495,3,the,the
3155,495,4,politics,politics
3156,495,5,and,and
3157,495,6,customs,customs
3158,495,7, ,...
3159,495,8,of,of
3160,495,9,the,the
3161,495,10,courts,courts
3162,495,11, ,","
3163,496,0, ,...
3164,496,1,of,of
3165,496,2,course,course
3166,496,3,this,this
3167,496,4,would,would
3168,496,5,help,help
3169,496,6,him,him
3170,496,7,later,later
3171,496,8,on,on
3172,496,9, ,","
3173,497,0, ,..
3174,497,1,when,when
3175,497,2,he,he
3176,497,3,had,had
3177,497,4,to,to
3178,497,5,come,come
3179,497,6,back,back
3180,497,7,and,and
3181,497,8, ,","
3182,498,0, ,..
3183,498,1,and,and
3184,498,2,uh,uh
3185,498,3, ,","
3186,499,0, ,..
3187,499,1,and,and
3188,499,2,deal,deal
3189,499,3,with,with
3190,499,4,the,the
3191,499,5,courts,courts
3192,499,6,from,from
3193,499,7, ,..
3194,499,8,a,a
3195,499,9,different,different
3196,499,10,perspective,perspective
3197,499,11, ,","
3198,500,0, ,...
3199,500,1,but,but
3200,500,2,that,that
3201,500,3,first,first
3202,500,4,forty,forty
3203,500,5,years,years
3204,500,6,was,was
3205,500,7,spent,spent
3206,500,8, ,..
3207,500,9,in,in
3208,500,10,being,being
3209,500,11,trained,trained
3210,500,12, ,.
3211,501,0, ,...
3212,501,1,And,And
3213,501,2,he,he
3214,501,3,was,was
3215,501,4,trained,trained
3216,501,5,well,well
3217,501,6, ,.
3218,502,0, ,...
3219,502,1,And,And
3220,502,2,he,he
3221,502,3,had,had
3222,502,4,great,great
3223,502,5,knowledge,knowledge
3224,502,6, ,.
3225,503,0, ,...
3226,503,1,A,A
3227,503,2,lot,lot
3228,503,3,of,of
3229,503,4,knowledge,knowledge
3230,503,5, ,.
3231,504,0, ,...
3232,504,1,That,That
3233,504,2,he,he
3234,504,3,was,was
3235,504,4,uh,uh
3236,504,5, ,","
3237,505,0, ,...
3238,505,1,that,that
3239,505,2, ,..
3240,505,3,God,God
3241,505,4,provided,provided
3242,505,5,for,for
3243,505,6,him,him
3244,505,7, ,","
3245,506,0,through,through
3246,506,1,these,these
3247,506,2, ,...
3248,506,3,means,means
3249,506,4, ,.
3250,507,0, ,...
3251,507,1,And,And
3252,507,2,then,then
3253,507,3,for,for
3254,507,4,the,the
3255,507,5,next,next
3256,507,6,forty,forty
3257,507,7,years,years
3258,507,8, ,.
3259,508,0,he,he
3260,508,1,was,was
3261,508,2,exiled,exiled
3262,508,3, ,.
3263,509,0, ,...
3264,509,1,From,From
3265,509,2,Egypt,Egypt
3266,509,3, ,.
3267,510,0, ,...
3268,510,1,Because,Because
3269,510,2, ,","
3270,511,0,in,in
3271,511,1,order,order
3272,511,2,to,to
3273,511,3, ,--
3274,512,0, ,...
3275,512,1,thinking,thinking
3276,512,2, ,","
3277,513,0, ,...
3278,513,1,that,that
3279,513,2,because,because
3280,513,3,he,he
3281,513,4,was,was
3282,513,5,an,an
3283,513,6,Israelite,Israelite
3284,513,7, ,","
3285,514,0, ,...
3286,514,1,by,by
3287,514,2,birth,birth
3288,514,3, ,","
3289,515,0, ,...
3290,515,1,uh,uh
3291,515,2, ,","
3292,516,0,and,and
3293,516,1,seeing,seeing
3294,516,2, ,...
3295,516,3,an,an
3296,516,4,Israeli,Israeli
3297,516,5,being,being
3298,516,6, ,..
3299,516,7,abused,abused
3300,516,8, ,","
3301,517,0, ,...
3302,517,1,uh,uh
3303,517,2, ,","
3304,518,0,he,he
3305,518,1,stepped,stepped
3306,518,2,in,in
3307,518,3, ,","
3308,519,0,and,and
3309,519,1,he,he
3310,519,2,killed,killed
3311,519,3,the,the
3312,519,4,Egyptian,Egyptian
3313,519,5,that,that
3314,519,6,was,was
3315,519,7,abusing,abusing
3316,519,8,him,him
3317,519,9, ,","
3318,520,0, ,..
3319,520,1,thinking,thinking
3320,520,2,that,that
3321,520,3,no,no
3322,520,4,one,one
3323,520,5,else,else
3324,520,6,knew,knew
3325,520,7,except,except
3326,520,8,this,this
3327,520,9,person,person
3328,520,10,that,that
3329,520,11,he,he
3330,520,12,had,had
3331,520,13,saved,saved
3332,520,14, ,","
3333,521,0, ,..
3334,521,1,he,he
3335,521,2,buried,buried
3336,521,3,him,him
3337,521,4, ,","
3338,522,0, ,...
3339,522,1,and,and
3340,522,2,then,then
3341,522,3,a,a
3342,522,4,few,few
3343,522,5,days,days
3344,522,6,later,later
3345,522,7, ,","
3346,523,0,you,you
3347,523,1,know,know
3348,523,2, ,","
3349,524,0,thinking,thinking
3350,524,1,well,well
3351,524,2,it's,it's
3352,524,3, ,..
3353,524,4,it's,it's
3354,524,5,all,all
3355,524,6,cool,cool
3356,524,7, ,","
3357,525,0, ,..
3358,525,1,nobody,nobody
3359,525,2,knows,knows
3360,525,3, ,","
3361,526,0,I'll,I'll
3362,526,1,just,just
3363,526,2, ,..
3364,526,3,go,go
3365,526,4,on,on
3366,526,5, ,.
3367,527,0,He,He
3368,527,1,tries,tries
3369,527,2,to,to
3370,527,3,help,help
3371,527,4, ,","
3372,528,0, ,...
3373,528,1,or,or
3374,528,2,tries,tries
3375,528,3,to,to
3376,528,4,intervene,intervene
3377,528,5,between,between
3378,528,6,two,two
3379,528,7,other,other
3380,528,8, ,","
3381,529,0, ,...
3382,529,1,uh,uh
3383,529,2, ,","
3384,530,0, ,...
3385,530,1,Hebrew,Hebrew
3386,530,2, ,","
3387,531,0, ,...
3388,531,1,that,that
3389,531,2,were,were
3390,531,3,arguing,arguing
3391,531,4,amongst,amongst
3392,531,5,themself,themself
3393,531,6,and,and
3394,531,7, ,","
3395,532,0, ,..
3396,532,1,and,and
3397,532,2, ,","
3398,533,0, ,...
3399,533,1,he,he
3400,533,2,tries,tries
3401,533,3,to,to
3402,533,4,be,be
3403,533,5,a,a
3404,533,6,peacemaker,peacemaker
3405,533,7, ,","
3406,534,0,and,and
3407,534,1,they,they
3408,534,2,say,say
3409,534,3, ,","
3410,535,0,you,you
3411,535,1,know,know
3412,535,2, ,","
3413,536,0,who,who
3414,536,1,made,made
3415,536,2,you,you
3416,536,3,judge,judge
3417,536,4, ,","
3418,537,0, ,...
3419,537,1,w,w-
3420,537,2,what,what
3421,537,3,about,about
3422,537,4,this,this
3423,537,5, ,","
3424,538,0,you,you
3425,538,1,just,just
3426,538,2,killed,killed
3427,538,3,the,the
3428,538,4,guy,guy
3429,538,5,the,the
3430,538,6,other,other
3431,538,7,day,day
3432,538,8, ,","
3433,539,0,Uh,Uh:
3434,539,1, ,","
3435,540,0,and,and
3436,540,1,he,he
3437,540,2,realized,realized
3438,540,3,that,that
3439,540,4,people,people
3440,540,5,knew,knew
3441,540,6, ,.
3442,541,0, ,...
3443,541,1,And,And
3444,541,2,he,he
3445,541,3,realized,realized
3446,541,4,if,if
3447,541,5,these,these-
3448,541,6, ,--
3449,542,0, ,..
3450,542,1,if,if
3451,542,2,these,these
3452,542,3,men,men
3453,542,4,knew,knew
3454,542,5, ,","
3455,543,0,then,then
3456,543,1,probably,probably
3457,543,2,Pharaoh,Pharaoh
3458,543,3,was,was
3459,543,4,gonna,gonna
3460,543,5,hear,hear
3461,543,6,pretty,pretty
3462,543,7,soon,soon
3463,543,8, ,","
3464,544,0,and,and
3465,544,1,so,so
3466,544,2,he,he
3467,544,3,left,left
3468,544,4, ,.
3469,545,0,He,He
3470,545,1,fled,fled
3471,545,2, ,.
3472,546,0, ,..
3473,546,1,He,He
3474,546,2,ran,ran
3475,546,3, ,.
3476,547,0, ,...
3477,547,1,He,He
3478,547,2,went,went
3479,547,3,out,out
3480,547,4,into,into
3481,547,5,the,the
3482,547,6,wilderness,wilderness
3483,547,7, ,.
3484,548,0, ,...
3485,548,1,After,After
3486,548,2,a,a
3487,548,3,few,few
3488,548,4,days,days
3489,548,5,of,of
3490,548,6, ,..
3491,548,7,uh,uh
3492,548,8,walking,walking
3493,548,9, ,","
3494,549,0,he,he
3495,549,1, ,...
3496,549,2,comes,comes
3497,549,3,upon,upon
3498,549,4,a,a
3499,549,5,a,a
3500,549,6,scene,scene
3501,549,7, ,","
3502,550,0,where,where
3503,550,1,these,these
3504,550,2,two,two
3505,550,3,young,young
3506,550,4,ladies,ladies
3507,550,5,are,are
3508,550,6,herding,herding
3509,550,7, ,...
3510,550,8,their,their
3511,550,9,father's,father's
3512,550,10,sheep,sheep
3513,550,11, ,","
3514,551,0,and,and
3515,551,1,uh,uh
3516,551,2, ,","
3517,552,0,some,some
3518,552,1, ,","
3519,553,0, ,...
3520,553,1,uh,uh
3521,553,2, ,","
3522,554,0, ,..
3523,554,1,mean,mean
3524,554,2,guys,guys
3525,554,3, ,","
3526,555,0,who,who
3527,555,1,knows,knows
3528,555,2, ,","
3529,556,0,I,I
3530,556,1,don't,don't
3531,556,2, ,..
3532,556,3,remember,remember
3533,556,4,who,who
3534,556,5,it,it
3535,556,6,was,was
3536,556,7, ,","
3537,557,0,but,but
3538,557,1,anyway,anyway
3539,557,2, ,","
3540,558,0,they,they
3541,558,1,came,came
3542,558,2,up,up
3543,558,3,and,and
3544,558,4,tried,tried
3545,558,5,to,to
3546,558,6, ,","
3547,559,0, ,..
3548,559,1,to,to:
3549,559,2,uh,uh
3550,559,3, ,","
3551,560,0, ,...
3552,560,1,take,take
3553,560,2,advantage,advantage
3554,560,3,of,of
3555,560,4,the,the
3556,560,5, ,..
3557,560,6,two,two
3558,560,7,ladies,ladies
3559,560,8, ,","
3560,561,0,trying,trying
3561,561,1,to,to
3562,561,2,take,take
3563,561,3,care,care
3564,561,4,of,of
3565,561,5,the,the
3566,561,6,sheep,sheep
3567,561,7, ,","
3568,562,0,and,and
3569,562,1,uh,uh
3570,562,2, ,","
3571,563,0, ,...
3572,563,1,and,and
3573,563,2,I,I
3574,563,3,I,I
3575,563,4,assume,assume
3576,563,5,they,they
3577,563,6,were,were
3578,563,7,trying,trying
3579,563,8,to,to
3580,563,9,steal,steal
3581,563,10,the,the
3582,563,11,sheep,sheep
3583,563,12, ,","
3584,564,0,or,or
3585,564,1,trying,trying
3586,564,2,to,to
3587,564,3,steal,steal
3588,564,4,the,the
3589,564,5,women,women
3590,564,6, ,","
3591,565,0, ,..
3592,565,1,either,either
3593,565,2,way,way
3594,565,3, ,","
3595,566,0, ,...
3596,566,1,uh,uh
3597,566,2, ,","
3598,567,0,but,but
3599,567,1, ,","
3600,568,0, ,..
3601,568,1,Moses,Moses
3602,568,2,intervened,intervened
3603,568,3, ,","
3604,569,0,and,and
3605,569,1,he,he
3606,569,2,ran,ran
3607,569,3,them,them
3608,569,4,off,off
3609,569,5, ,.
3610,570,0, ,...
3611,570,1,And,And
3612,570,2,saved,saved
3613,570,3,their,their
3614,570,4,lives,lives
3615,570,5, ,.
3616,571,0,and,and
3617,571,1,saved,saved
3618,571,2, ,..
3619,571,3,their,their
3620,571,4, ,..
3621,571,5,livestock,livestock
3622,571,6, ,.
3623,572,0,And,And
3624,572,1,so,so
3625,572,2,they,they
3626,572,3,invited,invited
3627,572,4,him,him
3628,572,5,to,to
3629,572,6,come,come
3630,572,7,with,with
3631,572,8,them,them
3632,572,9, ,","
3633,573,0,to,to
3634,573,1, ,..
3635,573,2,to,to
3636,573,3,their,their
3637,573,4,home,home
3638,573,5, ,","
3639,574,0,and,and
3640,574,1,they,they
3641,574,2,told,told
3642,574,3,their,their
3643,574,4,father,father
3644,574,5,what,what
3645,574,6,had,had
3646,574,7,happened,happened
3647,574,8, ,","
3648,575,0,and,and
3649,575,1,he,he
3650,575,2,invited,invited
3651,575,3,Moses,Moses
3652,575,4,to,to
3653,575,5,stay,stay
3654,575,6,with,with
3655,575,7,them,them
3656,575,8, ,","
3657,576,0,Moses,Moses
3658,576,1,ends,ends
3659,576,2,up,up
3660,576,3,marrying,marrying
3661,576,4, ,.
3662,577,0, ,...
3663,577,1,uh,uh
3664,577,2, ,","
3665,578,0, ,..
3666,578,1,one,one
3667,578,2,of,of
3668,578,3,the,the
3669,578,4,young,young
3670,578,5,ladies,ladies
3671,578,6, ,.
3672,579,0, ,..
3673,579,1,As,As
3674,579,2,Ken,*Ken
3675,579,3, ,...
3676,579,4,shared,shared
3677,579,5,with,with
3678,579,6,us,us
3679,579,7,the,the
3680,579,8,other,other
3681,579,9,day,day
3682,579,10, ,","
3683,580,0,it,it
3684,580,1,was,was
3685,580,2,a,a
3686,580,3, ,..
3687,580,4,a,a
3688,580,5,mixed,mixed
3689,580,6,marriage,marriage
3690,580,7, ,","
3691,581,0,because,because
3692,581,1,these,these
3693,581,2, ,","
3694,582,0, ,..
3695,582,1,uh,uh
3696,582,2, ,","
3697,583,0, ,..
3698,583,1,this,this
3699,583,2,family,family
3700,583,3,was,was
3701,583,4,Black,Black
3702,583,5, ,.
3703,584,0, ,..
3704,584,1, ,...
3705,584,2,So,So
3706,584,3,for,for
3707,584,4,the,the
3708,584,5,next,next
3709,584,6, ,..
3710,584,7,forty,forty
3711,584,8,years,years
3712,584,9, ,.
3713,585,0, ,...
3714,585,1,he,he
3715,585,2,becomes,becomes
3716,585,3,a,a
3717,585,4,sheep,sheep
3718,585,5,herder,herder
3719,585,6, ,","
3720,586,0,for,for
3721,586,1,his,his
3722,586,2,fatherinlaw,fatherinlaw.
3723,586,3, ,--.
3724,587,0, ,...
3725,587,1,Who,Who
3726,587,2,was,was
3727,587,3,a,a
3728,587,4, ,..
3729,587,5,a,a
3730,587,6,Midian,Midian
3731,587,7,priest,priest
3732,587,8, ,.
3733,588,0, ,...
3734,588,1,And,And
3735,588,2,during,during
3736,588,3,that,that
3737,588,4,forty,forty
3738,588,5,years,years
3739,588,6, ,","
3740,589,0,he,he
3741,589,1,he,he
3742,589,2,g,g-
3743,589,3,gained,gained
3744,589,4,some,some
3745,589,5,other,other
3746,589,6,training,training
3747,589,7, ,.
3748,590,0, ,..
3749,590,1,First,First
3750,590,2,of,of
3751,590,3,all,all
3752,590,4,he,he
3753,590,5,became,became
3754,590,6,an,an
3755,590,7,outdoorsman,outdoorsman
3756,590,8, ,.
3757,591,0,He,He
3758,591,1,became,became
3759,591,2,used,used
3760,591,3,to,to
3761,591,4,being,being
3762,591,5,out,out
3763,591,6, ,..
3764,591,7,in,in
3765,591,8,the,the
3766,591,9,wilderness,wilderness
3767,591,10, ,.
3768,592,0, ,...
3769,592,1,And,And
3770,592,2,that's,that's
3771,592,3,gonna,gonna
3772,592,4,be,be
3773,592,5,important,important
3774,592,6,for,for
3775,592,7,him,him
3776,592,8, ,","
3777,593,0,for,for
3778,593,1,his,his
3779,593,2, ,...
3780,593,3,final,final
3781,593,4,forty,forty
3782,593,5,years,years
3783,593,6, ,.
3784,594,0, ,...
3785,594,1,Another,Another
3786,594,2,thing,thing
3787,594,3,he's,he's
3788,594,4, ,","
3789,595,0,is,is
3790,595,1, ,","
3791,596,0, ,..
3792,596,1,the,the
3793,596,2,area,area
3794,596,3,where,where
3795,596,4,he,he
3796,596,5,herded,herded
3797,596,6,the,the
3798,596,7,sheep,sheep
3799,596,8, ,","
3800,597,0,was,was
3801,597,1,a,a
3802,597,2, ,..
3803,597,3,a,a
3804,597,4,huge,huge
3805,597,5, ,...
3806,597,6,area,area
3807,597,7, ,.
3808,598,0, ,...
3809,598,1,And,And
3810,598,2,uh,uh
3811,598,3,he,he
3812,598,4,got,got
3813,598,5,to,to
3814,598,6,know,know
3815,598,7,the,the
3816,598,8,terrain,terrain
3817,598,9, ,","
3818,599,0,He,He
3819,599,1,got,got
3820,599,2,to,to
3821,599,3,know,know
3822,599,4,his,his
3823,599,5,way,way
3824,599,6,around,around
3825,599,7, ,.
3826,600,0, ,..
3827,600,1,And,And
3828,600,2,that,that
3829,600,3,was,was
3830,600,4,important,important
3831,600,5,because,because
3832,600,6,he,he
3833,600,7,was,was
3834,600,8,gonna,gonna
3835,600,9,spend,spend
3836,600,10,his,his
3837,600,11,final,final
3838,600,12,forty,forty
3839,600,13,years,years
3840,600,14, ,","
3841,601,0,in,in
3842,601,1,that,that
3843,601,2,same,same
3844,601,3,area,area
3845,601,4, ,.
3846,602,0,and,and
3847,602,1,it,it
3848,602,2,was,was
3849,602,3,important,important
3850,602,4,that,that
3851,602,5,he,he
3852,602,6,knew,knew
3853,602,7,where,where
3854,602,8,there,"there,"
3855,602,9, ,"-,"
3856,603,0,the,the
3857,603,1,w,w-
3858,603,2, ,..
3859,603,3,waterholes,waterholes
3860,603,4,were,were
3861,603,5,and,and
3862,603,6, ,","
3863,604,0,and,and
3864,604,1,where,where
3865,604,2,the,the
3866,604,3,dangerous,dangerous
3867,604,4, ,..
3868,604,5,areas,areas
3869,604,6,were,were
3870,604,7, ,.
3871,605,0, ,..
3872,605,1, ,...
3873,605,2,Uh,Uh
3874,605,3, ,","
3875,606,0, ,...
3876,606,1,and,and
3877,606,2,so,so
3878,606,3,God,God
3879,606,4, ,..
3880,606,5,prepared,prepared
3881,606,6,him,him
3882,606,7, ,.
3883,607,0, ,...
3884,607,1,God,God
3885,607,2,also,also:
3886,607,3,has,has
3887,607,4, ,..
3888,607,5,prepared,prepared
3889,607,6,us,us
3890,607,7, ,","
3891,608,0,and,and
3892,608,1,is,is
3893,608,2,preparing,preparing
3894,608,3,us,us
3895,608,4, ,","
3896,609,0, ,...
3897,609,1,for,for
3898,609,2,h,h-
3899,609,3, ,--
3900,610,0,for,for
3901,610,1,our,our
3902,610,2,part,part
3903,610,3, ,","
3904,611,0, ,...
3905,611,1,in,in
3906,611,2,God's,God's
3907,611,3,mission,mission
3908,611,4, ,.
3909,612,0, ,...
3910,612,1,God,God
3911,612,2,is,is
3912,612,3,continually,continually
3913,612,4, ,..
3914,612,5,building,building
3915,612,6,character,character
3916,612,7, ,.
3917,613,0,And,And
3918,613,1,I,I
3919,613,2,think,think
3920,613,3, ,","
3921,614,0, ,...
3922,614,1,this,this
3923,614,2, ,..
3924,614,3,middle,middle
3925,614,4,forty,forty
3926,614,5,years,years
3927,614,6,for,for
3928,614,7,Moses,Moses
3929,614,8, ,","
3930,615,0,was,was
3931,615,1,a,a:
3932,615,2, ,","
3933,616,0,was,was
3934,616,1,a,a
3935,616,2,time,time
3936,616,3,where,where
3937,616,4,God,God
3938,616,5,really,really
3939,616,6,built,built
3940,616,7,character,character
3941,616,8, ,.
3942,617,0,Cause,Cause
3943,617,1,he,he
3944,617,2,no,no
3945,617,3,longer,longer
3946,617,4,had,had
3947,617,5,everything,everything
3948,617,6,he,he
3949,617,7,wanted,wanted
3950,617,8, ,","
3951,618,0, ,...
3952,618,1,uh,uh
3953,618,2, ,","
3954,619,0,at,at
3955,619,1,his,his
3956,619,2,fingertips,fingertips
3957,619,3, ,","
3958,620,0,uh,uh
3959,620,1, ,","
3960,621,0,he,he
3961,621,1,had,had
3962,621,2,to,to
3963,621,3,learn,learn
3964,621,4,some,some
3965,621,5,things,things
3966,621,6, ,.
3967,622,0,He,He
3968,622,1,had,had
3969,622,2,to,to
3970,622,3,learn,learn
3971,622,4, ,.
3972,623,0, ,..
3973,623,1,He,He
3974,623,2,had,had
3975,623,3,to,to
3976,623,4,learn,learn
3977,623,5,how,how
3978,623,6,to,to
3979,623,7,depend,depend
3980,623,8,on,on
3981,623,9,God,God
3982,623,10, ,.
3983,624,0, ,...
3984,624,1,ON,ON
3985,624,2,this,this
3986,624,3,God,God
3987,624,4,that,that
3988,624,5,he,he
3989,624,6,had,had
3990,624,7,learned,learned
3991,624,8,about,about
3992,624,9, ,.
3993,625,0, ,...
3994,625,1,From,From
3995,625,2,his,his
3996,625,3,mother,mother
3997,625,4, ,.
3998,626,0, ,...
3999,626,1,And,And
4000,626,2,God,God
4001,626,3,is,is
4002,626,4,interested,interested
4003,626,5,in,in
4004,626,6,building,building
4005,626,7,character,character
4006,626,8,in,in
4007,626,9,us,us
4008,626,10, ,.
4009,627,0, ,..
4010,627,1,as,as
4011,627,2,individuals,individuals
4012,627,3, ,.
4013,628,0, ,...
4014,628,1,In,In
4015,628,2,fact,fact
4016,628,3, ,","
4017,629,0,God,God
4018,629,1,is,is
4019,629,2,more,more
4020,629,3,concerned,concerned
4021,629,4,about,about
4022,629,5, ,..
4023,629,6,our,our
4024,629,7,character,character
4025,629,8, ,","
4026,630,0,than,than
4027,630,1,what,what
4028,630,2,we,we
4029,630,3,do,do
4030,630,4, ,.
4031,631,0, ,...
4032,631,1,And,And
4033,631,2,how,how
4034,631,3,we,we
4035,631,4,do,do
4036,631,5,it,it
4037,631,6, ,.
4038,632,0, ,...
4039,632,1,And,And
4040,632,2,so,so
4041,632,3,a,a
4042,632,4,lot,lot
4043,632,5,of,of
4044,632,6,what,what
4045,632,7,we,we
4046,632,8,experience,experience
4047,632,9, ,","
4048,633,0,we,we
4049,633,1,get,get
4050,633,2,frustrated,frustrated
4051,633,3,with,with
4052,633,4, ,","
4053,634,0, ,..
4054,634,1,but,but
4055,634,2,God's,God's
4056,634,3, ,...
4057,634,4,purpose,purpose
4058,634,5, ,..
4059,634,6,is,is
4060,634,7,to,to
4061,634,8,build,build
4062,634,9,character,character
4063,634,10,within,within
4064,634,11,us,us
4065,634,12, ,.
4066,635,0, ,...
4067,635,1,And,And
4068,635,2,so,so
4069,635,3,when,when
4070,635,4,we're,we're
4071,635,5,trying,trying
4072,635,6,to,to
4073,635,7,decide,decide
4074,635,8,w,w-
4075,635,9,which,which
4076,635,10,we,we
4077,635,11,should,should
4078,635,12,do,do
4079,635,13,or,or
4080,635,14,not,not
4081,635,15,do,do
4082,635,16, ,","
4083,636,0, ,..
4084,636,1,something,something
4085,636,2,that,that
4086,636,3,we're,we're
4087,636,4,tempted,tempted
4088,636,5,to,to
4089,636,6,do,do
4090,636,7, ,","
4091,637,0,we,we
4092,637,1,need,need
4093,637,2,to,to
4094,637,3,remember,remember
4095,637,4,that,that
4096,637,5, ,","
4097,638,0,God's,God's
4098,638,1,more,more
4099,638,2,concerned,concerned
4100,638,3,about,about
4101,638,4,our,our
4102,638,5,character,character
4103,638,6, ,","
4104,639,0,and,and
4105,639,1,we,we
4106,639,2,should,should
4107,639,3, ,..
4108,639,4,be,be
4109,639,5,obedient,obedient
4110,639,6,to,to
4111,639,7,Him,Him
4112,639,8, ,","
4113,640,0,because,because
4114,640,1,that's,that's
4115,640,2,how,how
4116,640,3,He,He
4117,640,4,builds,builds
4118,640,5, ,..
4119,640,6,our,our
4120,640,7,character,character
4121,640,8, ,.
4122,641,0, ,...
4123,641,1,I,I
4124,641,2,believe,believe
4125,641,3,that,that
4126,641,4,God,God
4127,641,5,has,has
4128,641,6,created,created
4129,641,7, ,","
4130,642,0, ,..
4131,642,1,and,and
4132,642,2,preserved,preserved
4133,642,3, ,","
4134,643,0, ,..
4135,643,1,and,and
4136,643,2,prepared,prepared
4137,643,3,Uptown,Uptown
4138,643,4,Baptist,Baptist
4139,643,5,Church,Church
4140,643,6, ,.
4141,644,0, ,...
4142,644,1,To,To
4143,644,2,be,be
4144,644,3,involved,involved
4145,644,4,in,in
4146,644,5,His,His
4147,644,6,mission,mission
4148,644,7, ,.
4149,645,0, ,...
4150,645,1,To,To
4151,645,2,be,be
4152,645,3,involved,involved
4153,645,4,in,in
4154,645,5,reaching,reaching
4155,645,6,out,out
4156,645,7,to,to
4157,645,8,the,the
4158,645,9,unloved,unloved
4159,645,10,and,and
4160,645,11,the,the
4161,645,12,hurting,hurting
4162,645,13, ,.
4163,646,0, ,...
4164,646,1,To,To
4165,646,2,be,be
4166,646,3,an,an
4167,646,4,influence,influence
4168,646,5, ,.
4169,647,0, ,...
4170,647,1,to,to
4171,647,2,the,the
4172,647,3,community,community
4173,647,4,of,of
4174,647,5,Uptown,Uptown
4175,647,6, ,","
4176,648,0, ,...
4177,648,1,for,for
4178,648,2,the,the
4179,648,3,Kingdom,Kingdom
4180,648,4,of,of
4181,648,5,God,God
4182,648,6, ,.
4183,649,0, ,...
4184,649,1,To,To
4185,649,2,be,be
4186,649,3,a,a
4187,649,4,beacon,beacon
4188,649,5,of,of
4189,649,6,light,light
4190,649,7, ,","
4191,650,0, ,...
4192,650,1,for,for
4193,650,2,those,those
4194,650,3,who,who
4195,650,4,are,are
4196,650,5,lost,lost
4197,650,6, ,","
4198,651,0, ,...
4199,651,1,and,and
4200,651,2,as,as
4201,651,3,our,our
4202,651,4,sign,sign
4203,651,5,says,says
4204,651,6,on,on
4205,651,7,top,top
4206,651,8, ,","
4207,652,0, ,..
4208,652,1,to,to
4209,652,2,proclaim,proclaim
4210,652,3,that,that
4211,652,4, ,...
4212,652,5,Christ,Christ
4213,652,6,died,died
4214,652,7,for,for
4215,652,8,our,our
4216,652,9,sins,sins
4217,652,10, ,.
4218,653,0, ,...
4219,653,1,God,God
4220,653,2,has,has
4221,653,3,also,also
4222,653,4,created,created
4223,653,5,and,and
4224,653,6,prepared,prepared
4225,653,7,Uptown,Uptown
4226,653,8,Baptist,Baptist
4227,653,9,Church,Church
4228,653,10, ,","
4229,654,0, ,...
4230,654,1,to,to
4231,654,2,be,be
4232,654,3,a,a
4233,654,4,model,model
4234,654,5,for,for
4235,654,6,urban,urban
4236,654,7, ,..
4237,654,8,church,church
4238,654,9, ,..
4239,654,10,missions,missions
4240,654,11,to,to
4241,654,12,the,the
4242,654,13,world,world
4243,654,14, ,.
4244,655,0, ,...
4245,655,1,And,And
4246,655,2,that,that
4247,655,3,wasn't,wasn't
4248,655,4, ,..
4249,655,5,our,our
4250,655,6,reasoning,reasoning
4251,655,7, ,","
4252,656,0,we,we
4253,656,1,didn't,didn't
4254,656,2,set,set
4255,656,3,out,out
4256,656,4,to,to
4257,656,5,do,do
4258,656,6,the,the
4259,656,7,things,things
4260,656,8,we,we
4261,656,9,do,do
4262,656,10, ,","
4263,657,0,so,so
4264,657,1,that,that
4265,657,2,we,we
4266,657,3,could,could
4267,657,4,be,be
4268,657,5,a,a
4269,657,6,model,model
4270,657,7, ,","
4271,658,0, ,..
4272,658,1,or,or
4273,658,2,so,so
4274,658,3,that,that
4275,658,4,we,we
4276,658,5,could,could
4277,658,6, ,...
4278,658,7,get,get
4279,658,8, ,...
4280,658,9,publicity,publicity
4281,658,10, ,","
4282,659,0, ,...
4283,659,1,But,But
4284,659,2,God,God
4285,659,3,has,has
4286,659,4,saw,saw-
4287,659,5,seen,seen
4288,659,6,fit,fit
4289,659,7,to,to
4290,659,8,use,use
4291,659,9,us,us
4292,659,10,in,in
4293,659,11,that,that
4294,659,12,way,way
4295,659,13, ,.
4296,660,0,And,And
4297,660,1,this,this
4298,660,2,is,is
4299,660,3,not,not
4300,660,4,for,for
4301,660,5,our,our
4302,660,6,pride,pride
4303,660,7, ,","
4304,661,0, ,...
4305,661,1,this,this
4306,661,2,is,is
4307,661,3,just,just
4308,661,4, ,...
4309,661,5,a,a
4310,661,6,reality,reality
4311,661,7, ,.
4312,662,0, ,...
4313,662,1,I'm,I'm
4314,662,2,amazed,amazed
4315,662,3,at,at
4316,662,4,how,how
4317,662,5, ,...
4318,662,6,people,people
4319,662,7,from,from
4320,662,8,all,all
4321,662,9,over,over
4322,662,10,the,the
4323,662,11,world,world
4324,662,12, ,","
4325,663,0,have,have
4326,663,1,have,have
4327,663,2,come,come
4328,663,3, ,","
4329,664,0,to,to
4330,664,1,the,the
4331,664,2,city,city
4332,664,3, ,","
4333,665,0,and,and
4334,665,1,they've,they've
4335,665,2,come,come
4336,665,3,to,to
4337,665,4,Uptown,Uptown
4338,665,5,Baptist,Baptist
4339,665,6,Church,Church
4340,665,7, ,","
4341,666,0,because,because
4342,666,1,they,they
4343,666,2,heard,heard
4344,666,3,about,about
4345,666,4,us,us
4346,666,5,somewhere,somewhere
4347,666,6,else,else
4348,666,7, ,","
4349,667,0,in,in
4350,667,1,another,another
4351,667,2,country,country
4352,667,3, ,.
4353,668,0, ,...
4354,668,1,or,or
4355,668,2,they,they
4356,668,3,read,read
4357,668,4,a,a
4358,668,5,book,book
4359,668,6, ,","
4360,669,0, ,..
4361,669,1,uh,uh
4362,669,2,that,that
4363,669,3,talked,talked
4364,669,4,about,about
4365,669,5,Uptown,Uptown
4366,669,6,Baptist,Baptist
4367,669,7,Church,Church
4368,669,8, ,.
4369,670,0, ,...
4370,670,1,God,God
4371,670,2,has,has
4372,670,3,crea,crea-
4373,670,4, ,--
4374,671,0,also,also:
4375,671,1, ,..
4376,671,2,created,created
4377,671,3,an,an
4378,671,4,prepared,prepared
4379,671,5,you,you
4380,671,6,and,and
4381,671,7,me,me
4382,671,8, ,","
4383,672,0, ,...
4384,672,1,to,to
4385,672,2,be,be
4386,672,3,involved,involved
4387,672,4,in,in
4388,672,5,His,His
4389,672,6,plan,plan
4390,672,7, ,.
4391,673,0, ,...
4392,673,1,First,First
4393,673,2,of,of
4394,673,3,all,all
4395,673,4,He's,He's
4396,673,5,called,called
4397,673,6,us,us
4398,673,7,each,each
4399,673,8,to,to
4400,673,9,a,a
4401,673,10,love,love
4402,673,11,relationship,relationship
4403,673,12,with,with
4404,673,13,Him,Him
4405,673,14, ,.
4406,674,0, ,...
4407,674,1,Some,Some
4408,674,2,of,of
4409,674,3,us,us
4410,674,4,have,have
4411,674,5,accepted,accepted
4412,674,6,that,that
4413,674,7,call,call
4414,674,8, ,","
4415,675,0, ,...
4416,675,1,and,and
4417,675,2,some,some
4418,675,3, ,..
4419,675,4,are,are
4420,675,5,still,still
4421,675,6,struggling,struggling
4422,675,7,with,with
4423,675,8,it,it
4424,675,9, ,.
4425,676,0, ,...
4426,676,1,But,But
4427,676,2,still,still
4428,676,3, ,","
4429,677,0, ,...
4430,677,1,He,He
4431,677,2,wants,wants
4432,677,3,to,to
4433,677,4,have,have
4434,677,5,a,a
4435,677,6,love,love
4436,677,7, ,..
4437,677,8,relationship,relationship
4438,677,9, ,","
4439,678,0, ,..
4440,678,1,with,with
4441,678,2,each,each
4442,678,3,person,person
4443,678,4,that,that
4444,678,5,is,is
4445,678,6,in,in
4446,678,7,this,this
4447,678,8,room,room
4448,678,9, ,.
4449,679,0, ,...
4450,679,1,He's,He's
4451,679,2,brought,brought
4452,679,3,us,us
4453,679,4,together,together
4454,679,5,from,from
4455,679,6,many,many
4456,679,7,backgrounds,backgrounds
4457,679,8, ,","
4458,680,0, ,..
4459,680,1,many,many
4460,680,2,very,very
4461,680,3,different,different
4462,680,4,backgrounds,backgrounds
4463,680,5, ,.
4464,681,0, ,..
4465,681,1,to,to
4466,681,2,be,be
4467,681,3,a,a
4468,681,4,family,family
4469,681,5, ,.
4470,682,0, ,..
4471,682,1,A,A
4472,682,2,family,family
4473,682,3,of,of
4474,682,4,followers,followers
4475,682,5, ,...
4476,682,6,of,of
4477,682,7,Christ,Christ
4478,682,8, ,.
4479,683,0, ,...
4480,683,1,A,A
4481,683,2,family,family
4482,683,3,to,to
4483,683,4,be,be
4484,683,5,involved,involved
4485,683,6, ,..
4486,683,7,in,in
4487,683,8,God's,God's
4488,683,9,mission,mission
4489,683,10, ,.
4490,684,0, ,...
4491,684,1,Building,Building
4492,684,2,the,the
4493,684,3,Kingdom,Kingdom
4494,684,4,of,of
4495,684,5,God,God
4496,684,6, ,.
4497,685,0, ,...
4498,685,1,I,I
4499,685,2,was,was
4500,685,3,talking,talking
4501,685,4,to,to
4502,685,5,Greg,*Greg
4503,685,6,on,on
4504,685,7,Friday,Friday
4505,685,8, ,.
4506,686,0,Greg,*Greg
4507,686,1,Gey,"*Gey,"
4508,686,2, , 
4509,687,0, ,...
4510,687,1,and,and
4511,687,2,he,he
4512,687,3,was,was
4513,687,4,sharing,sharing
4514,687,5,wi,wi-
4515,687,6, ,--
4516,688,0,somehow,somehow
4517,688,1,we,we
4518,688,2,got,got
4519,688,3,in,in
4520,688,4,a,a
4521,688,5,conversation,conversation
4522,688,6, ,","
4523,689,0,and,and
4524,689,1,he,he
4525,689,2,was,was
4526,689,3,saying,saying
4527,689,4,something,something
4528,689,5,about,about
4529,689,6, ,","
4530,690,0,he,he
4531,690,1, ,...
4532,690,2,he,he
4533,690,3,really,really
4534,690,4,needed,needed
4535,690,5, ,..
4536,690,6,intellectual,intellectual
4537,690,7,stimulation,stimulation
4538,690,8, ,","
4539,691,0,because,because
4540,691,1,he,he
4541,691,2,tended,tended
4542,691,3,to,to
4543,691,4,be,be
4544,691,5,more,more
4545,691,6,intellectual,intellectual
4546,691,7, ,","
4547,692,0, ,..
4548,692,1,and,and
4549,692,2,we,we
4550,692,3,were,were
4551,692,4,talking,talking
4552,692,5,about,about
4553,692,6,why,why
4554,692,7, ,","
4555,693,0,some,some
4556,693,1,people,people
4557,693,2,were,were
4558,693,3,intellectual,intellectual
4559,693,4,and,and
4560,693,5,some,some
4561,693,6,weren't,weren't
4562,693,7, ,.
4563,694,0, ,...
4564,694,1,And,And
4565,694,2,God,God
4566,694,3,just,just
4567,694,4, ,...
4568,694,5,flashed,flashed
4569,694,6,in,in
4570,694,7,my,my
4571,694,8,mind,mind
4572,694,9, ,.
4573,695,0,And,And
4574,695,1,I,I
4575,695,2,said,said
4576,695,3,Greg,*Greg
4577,695,4, ,.
4578,696,0, ,..
4579,696,1,You,You
4580,696,2,know,know
4581,696,3,God,God
4582,696,4, ,","
4583,697,0, ,...
4584,697,1,created,created
4585,697,2,you,you
4586,697,3,to,to
4587,697,4,be,be
4588,697,5,intellectual,intellectual
4589,697,6, ,","
4590,698,0,so,so
4591,698,1,that,that
4592,698,2,you,you
4593,698,3,could,could
4594,698,4,relate,relate
4595,698,5,to,to
4596,698,6,others,others
4597,698,7,who,who
4598,698,8,are,are
4599,698,9,intellectuals,intellectuals
4600,698,10, ,.
4601,699,0,So,So
4602,699,1,that,that
4603,699,2,you,you
4604,699,3,could,could
4605,699,4,share,share
4606,699,5,with,%with
4607,699,6,them,them
4608,699,7,on,on
4609,699,8,their,their
4610,699,9,level,level
4611,699,10, ,.
4612,700,0,Because,Because
4613,700,1,God,Go:d
4614,700,2,didn't,didn't
4615,700,3,create,create
4616,700,4,us,us
4617,700,5,for,for
4618,700,6,our,our
4619,700,7,purpose,purpose
4620,700,8, ,","
4621,701,0, ,..
4622,701,1,God,God
4623,701,2,created,created
4624,701,3, ,..
4625,701,4,us,us
4626,701,5,for,for
4627,701,6,His,His
4628,701,7,purpose,purpose
4629,701,8, ,.
4630,702,0,And,And
4631,702,1,that's,that's
4632,702,2,something,something
4633,702,3,we,we
4634,702,4,have,have
4635,702,5,to,to
4636,702,6,keep,keep
4637,702,7, ,","
4638,703,0, ,...
4639,703,1,in,in
4640,703,2, ,--
4641,704,0, ,..
4642,704,1,before,before
4643,704,2,us,us
4644,704,3, ,.
4645,705,0, ,..
4646,705,1,God,God
4647,705,2,has,has
4648,705,3,created,created
4649,705,4,us,us
4650,705,5, ,","
4651,706,0,made,m:ade
4652,706,1,us,us
4653,706,2,like,like
4654,706,3,we,we
4655,706,4,are,are
4656,706,5, ,.
4657,707,0,Allowed,Allowed
4658,707,1,us,us
4659,707,2,to,to
4660,707,3,experience,experience
4661,707,4,the,the
4662,707,5,things,things
4663,707,6,that,that
4664,707,7,we,we
4665,707,8,have,have
4666,707,9,experienced,experienced
4667,707,10, ,.
4668,708,0, ,...
4669,708,1,For,For
4670,708,2,his,his
4671,708,3,purpose,purpose
4672,708,4, ,.
4673,709,0, ,...
4674,709,1,And,And
4675,709,2,it's,it's
4676,709,3,for,for
4677,709,4,us,us
4678,709,5,to,to:
4679,709,6,seek,seek
4680,709,7,Him,Him
4681,709,8, ,","
4682,710,0,and,and
4683,710,1,to,to
4684,710,2,know,know
4685,710,3,what,what
4686,710,4,His,His
4687,710,5,purpose,purpose
4688,710,6,is,is
4689,710,7, ,.
4690,711,0, ,...
4691,711,1,Papa,*Papa
4692,711,2,Joe,*Joe
4693,711,3,has,has
4694,711,4,been,been
4695,711,5,a,a
4696,711,6, ,","
4697,712,0, ,..
4698,712,1,a,a
4699,712,2,very,very
4700,712,3,strong,strong
4701,712,4,influence,influence
4702,712,5,in,in
4703,712,6,this,this
4704,712,7,community,community
4705,712,8, ,.
4706,713,0, ,...
4707,713,1,Not,Not
4708,713,2,because,because
4709,713,3,of,of
4710,713,4,his,his
4711,713,5,education,education
4712,713,6, ,","
4713,714,0, ,...
4714,714,1,his,his
4715,714,2,educations,educations
4716,714,3,came,came
4717,714,4,from,from
4718,714,5,the,the
4719,714,6,streets,streets
4720,714,7, ,.
4721,715,0, ,...
4722,715,1,And,And
4723,715,2,as,as
4724,715,3,he,he
4725,715,4,came,came
4726,715,5,to,to
4727,715,6, ,...
4728,715,7,a,a
4729,715,8,relationship,relationship
4730,715,9,with,with
4731,715,10,Jesus,Jesus
4732,715,11,Christ,Christ
4733,715,12, ,","
4734,716,0,he,he
4735,716,1,came,came
4736,716,2,from,from
4737,716,3,a,a
4738,716,4,background,background
4739,716,5, ,","
4740,717,0, ,..
4741,717,1,that,that
4742,717,2,w,w-
4743,717,3,had,had
4744,717,4,survived,survi:ved
4745,717,5, ,","
4746,718,0,from,from
4747,718,1,the,the
4748,718,2,streets,streets
4749,718,3, ,.
4750,719,0, ,...
4751,719,1, ,...
4752,719,2,He,He
4753,719,3,was,was
4754,719,4,an,an
4755,719,5,alcoholic,alcoholic
4756,719,6, ,.
4757,720,0, ,...
4758,720,1,Now,Now
4759,720,2,w,w-
4760,720,3,how,how-
4761,720,4, ,--
4762,721,0,why,why:
4763,721,1,has,has
4764,721,2,God,God
4765,721,3,use,use
4766,721,4,him,him
4767,721,5, ,.
4768,722,0, ,...
4769,722,1,He,He
4770,722,2,wasn't,wasn't
4771,722,3,educated,educated
4772,722,4, ,","
4773,723,0, ,...
4774,723,1,he,he
4775,723,2,didn't,didn't
4776,723,3,go,go
4777,723,4,through,through
4778,723,5,special,special
4779,723,6,training,training
4780,723,7, ,","
4781,724,0, ,...
4782,724,1,it's,it's
4783,724,2,because,because
4784,724,3, ,","
4785,725,0, ,...
4786,725,1,God,God
4787,725,2,prepared,prepared
4788,725,3,him,him
4789,725,4, ,","
4790,726,0, ,...
4791,726,1,with,with
4792,726,2,the,the
4793,726,3,experience,experience
4794,726,4,of,of
4795,726,5,his,his
4796,726,6,life,life
4797,726,7, ,","
4798,727,0,so,so
4799,727,1,that,that
4800,727,2,he,he
4801,727,3,could,could
4802,727,4,reach,reach
4803,727,5,out,out
4804,727,6,to,to
4805,727,7,other,other
4806,727,8,people,people
4807,727,9,who,who
4808,727,10,are,are
4809,727,11, ,..
4810,727,12,going,going
4811,727,13,through,through
4812,727,14,the,the
4813,727,15,same,same
4814,727,16,experience,experience
4815,727,17, ,.
4816,728,0, ,...
4817,728,1,So,So
4818,728,2,you,you
4819,728,3,can't,can't
4820,728,4,say,say
4821,728,5,well,well
4822,728,6,I,I
4823,728,7,don't,don't
4824,728,8,have,have
4825,728,9,an,an
4826,728,10,education,education
4827,728,11, ,.
4828,729,0,Or,Or
4829,729,1,I,I
4830,729,2,don't,don't
4831,729,3, ,--
4832,730,0,I,I
4833,730,1,can't,can't
4834,730,2,speak,speak
4835,730,3, ,.
4836,731,0,or,or
4837,731,1,I,I
4838,731,2,can't,can't
4839,731,3,do,do
4840,731,4,this,this
4841,731,5, ,.
4842,732,0,You,You
4843,732,1,have,have
4844,732,2,to,to
4845,732,3,know,know
4846,732,4,that,that
4847,732,5,whatever,whatever
4848,732,6, ,..
4849,732,7,God,God
4850,732,8,has,has
4851,732,9,given,given
4852,732,10,you,you
4853,732,11, ,","
4854,733,0,Whatever,Whatever
4855,733,1,experience,experience
4856,733,2,that,that
4857,733,3,God,God
4858,733,4,has,has
4859,733,5,brought,brought
4860,733,6,you,you
4861,733,7,through,through
4862,733,8, ,.
4863,734,0, ,..
4864,734,1,That,That
4865,734,2,He,He
4866,734,3,wants,wants
4867,734,4,to,to
4868,734,5,use,use
4869,734,6,it,it
4870,734,7, ,.
4871,735,0, ,...
4872,735,1,To,To
4873,735,2,reach,reach
4874,735,3,people,people
4875,735,4, ,","
4876,736,0, ,...
4877,736,1,for,for
4878,736,2,His,His
4879,736,3,Kingdom,Kingdom
4880,736,4, ,.
4881,737,0, ,...
4882,737,1,The,The
4883,737,2,second,second
4884,737,3,thing,thing
4885,737,4,I,I
4886,737,5,want,want
4887,737,6,us,us
4888,737,7,to,to
4889,737,8,know,know
4890,737,9, ,","
4891,738,0, ,...
4892,738,1, ,...
4893,738,2,from,from
4894,738,3,this,this
4895,738,4,st,st-
4896,738,5, ,..
4897,738,6,story,story
4898,738,7,of,of
4899,738,8,Moses,Moses
4900,738,9, ,","
4901,739,0,is,is
4902,739,1,that,that
4903,739,2,God,God
4904,739,3,reveals,reveals
4905,739,4,His,His
4906,739,5,mission,mission
4907,739,6, ,...
4908,739,7,to,to
4909,739,8,His,His
4910,739,9,servants,servants
4911,739,10, ,.
4912,741,0, ,...
4913,741,1,The,The
4914,741,2,first,first
4915,741,3,that,that
4916,741,4,God,God
4917,741,5,prepares,prepares
4918,741,6,His,His
4919,741,7,servants,servants
4920,741,8,for,for
4921,741,9,His,His
4922,741,10,mission,mission
4923,741,11, ,","
4924,742,0, ,...
4925,742,1,the,the
4926,742,2,second,second
4927,742,3,is,is
4928,742,4,that,that
4929,742,5,God,God
4930,742,6,reveals,reveals
4931,742,7,His,His
4932,742,8,mission,mission
4933,742,9, ,...
4934,742,10,to,to
4935,742,11,His,His
4936,742,12,servants,servants
4937,742,13, ,.
4938,743,0, ,...
4939,743,1,We,We
4940,743,2,have,have
4941,743,3,to,to
4942,743,4,go,go
4943,743,5,to,to:
4944,743,6,Exodus,Exodus
4945,743,7,three,three
4946,743,8, ,","
4947,744,0, ,...
4948,744,1,and,and
4949,744,2,see,see
4950,744,3,how,how
4951,744,4,God,God
4952,744,5,gets,gets
4953,744,6,Moses's,Moses's
4954,744,7,attention,attention
4955,744,8, ,.
4956,745,0, ,...