wordID,wID,unitID,uID,wordSeq,wordToken,wordTranscript
1,0,1,1,0, ,...
2,0,1,1,1,Am,Am
3,0,1,1,2,I,I
4,0,1,1,3,doing,doing
5,0,1,1,4,that,that
6,0,1,1,5,right,right
7,0,1,1,6,so,so
8,0,1,1,7,far,far
9,0,1,1,8, ,?
10,0,2,2,0, ,...
11,0,2,2,1,Mhm,Mhm
12,0,2,2,2, ,.
13,0,3,3,0, ,...
14,0,3,3,1,All,All
15,0,3,3,2,the,the
16,0,3,3,3,way,way
17,0,3,3,4,down,down
18,0,3,3,5,to,to
19,0,3,3,6,that,that
20,0,3,3,7, ,?
21,0,4,4,0, ,...
22,0,4,4,1,Mhm,Mhm
23,0,4,4,2, ,.
24,0,5,5,0, ,...
25,0,5,5,1,I,I
26,0,5,5,2,think,think
27,0,5,5,3, ,.
28,0,6,6,0, ,...
29,0,6,6,1,I,I
30,0,6,6,2,don't,don't
31,0,6,6,3,think,think
32,0,6,6,4,I,I
33,0,6,6,5,am,am
34,0,6,6,6, ,.
35,0,7,7,0,Do,Do
36,0,7,7,1,you,you
37,0,7,7,2, ,?
38,0,8,8,0, ,...
39,0,8,8,1,And,And
40,0,8,8,2,you'd,you'd
41,0,8,8,3,have,have
42,0,8,8,4,to,to
43,0,8,8,5,have,have
44,0,8,8,6,that,that
45,0,8,8,7,plus,plus
46,0,8,8,8,or,or
47,0,8,8,9,minus,minus
48,0,8,8,10, ,.
49,0,9,9,0, ,@@@@@
50,0,10,10,0,What,[What]
51,0,10,10,1, ,.
52,0,11,11,0,I,[I]
53,0,11,11,1,don't,don't
54,0,11,11,2,know,know
55,0,11,11,3,what,what
56,0,11,11,4,I,I
57,0,11,11,5,did,did
58,0,11,11,6,to,to
59,0,11,11,7,get,ge:t
60,0,11,11,8,that,that
61,0,11,11,9, ,.
62,0,12,12,0, ,..
63,0,12,12,1,Where,Where
64,0,12,12,2,did,did
65,0,12,12,3,I,I
66,0,12,12,4,get,get
67,0,12,12,5,that,that
68,0,12,12,6, ,..
69,0,12,12,7,square,square
70,0,12,12,8,root,root
71,0,12,12,9,of,of-
72,0,12,12,10, ,--
73,0,13,13,0,um,um:
74,0,13,13,1, ,","
75,0,14,14,0, ,...
76,0,14,14,1,ex,ex
77,0,14,14,2,squared,squa[red]
78,0,14,14,3, ,.
79,0,15,15,0,Because,[Because]
80,0,15,15,1,you,you
81,0,15,15,2,brought,brought
82,0,15,15,3,this,this
83,0,15,15,4, ,..
84,0,15,15,5,over,over
85,0,15,15,6,here,here
86,0,15,15,7, ,.
87,0,16,16,0, ,...
88,0,16,16,1,You,You
89,0,16,16,2,brought,brought
90,0,16,16,3, ,...
91,0,16,16,4,three,three
92,0,16,16,5,over,over
93,0,16,16,6,here,here
94,0,16,16,7, ,.
95,0,17,17,0, ,...
96,0,17,17,1,divided,divided
97,0,17,17,2,by,by
98,0,17,17,3,three,three
99,0,17,17,4, ,","
100,0,18,18,0,and,and
101,0,18,18,1,then,then
102,0,18,18,2,you,you
103,0,18,18,3,have,have
104,0,18,18,4,ex,ex
105,0,18,18,5,squared,squared
106,0,18,18,6, ,","
107,0,19,19,0,so,so
108,0,19,19,1,if,if
109,0,19,19,2,you,you
110,0,19,19,3,want,want
111,0,19,19,4,to,to
112,0,19,19,5,find,find
113,0,19,19,6,ex,ex
114,0,19,19,7, ,","
115,0,20,20,0,you,you
116,0,20,20,1,have,have
117,0,20,20,2,the,the
118,0,20,20,3,square,square
119,0,20,20,4,root,root
120,0,20,20,5,of,of
121,0,20,20,6,ex,ex
122,0,20,20,7,squared,squared
123,0,20,20,8, ,.
124,0,21,21,0, ,...
125,0,21,21,1,I,#I
126,0,21,21,2,guess,#guess
127,0,21,21,3,all,all
128,0,21,21,4,I,I
129,0,21,21,5,can't,can't
130,0,21,21,6,figure,figure
131,0,21,21,7,out,out
132,0,21,21,8,is,is
133,0,21,21,9, ,","
134,0,22,22,0,what,what
135,0,22,22,1,the,the
136,0,22,22,2,square,square
137,0,22,22,3,root,root
138,0,22,22,4,of,of
139,0,22,22,5,negative,negative
140,0,22,22,6,two,two
141,0,22,22,7,thir,thir-
142,0,22,22,8, ,..
143,0,22,22,9,thi,thi-
144,0,22,22,10, ,..
145,0,22,22,11,two,two
146,0,22,22,12,thirds,thirds
147,0,22,22,13,is,is
148,0,22,22,14, ,.
149,0,23,23,0, ,...
150,0,23,23,1,Would,Would
151,0,23,23,2,that,that
152,0,23,23,3,be,be
153,0,23,23,4, ,","
154,0,24,24,0, ,...
155,0,24,24,1,i,i
156,0,24,24,2,square,[s:quare
157,0,24,24,3,root,|root
158,0,24,24,4,two,|two]
159,0,24,24,5, ,","
160,0,25,25,0,i,[i
161,0,25,25,1,square,|square
162,0,25,25,2,root,|root
163,0,25,25,3,two,|two
164,0,25,25,4,thirds,|th]irds
165,0,25,25,5, ,?
166,0,26,26,0, ,...
167,0,26,26,1,o,o-
168,0,26,26,2,over,over
169,0,26,26,3,three,three
170,0,26,26,4, ,","
171,0,27,27,0, ,...
172,0,27,27,1,The,The
173,0,27,27,2,whole,whole
174,0,27,27,3,thing,thing
175,0,27,27,4,would,would
176,0,27,27,5,be,be
177,0,27,27,6,over,over
178,0,27,27,7,three,three.
179,0,27,27,8, ,-.
180,0,28,28,0,Well,Well
181,0,28,28,1, ,.
182,0,29,29,0,No,No
183,0,29,29,1,it,it
184,0,29,29,2,couldn't,couldn't
185,0,29,29,3,be,be
186,0,29,29,4, ,.
187,0,30,30,0, ,...
188,0,30,30,1,Square,Square
189,0,30,30,2,root,root
190,0,30,30,3,of,of
191,0,30,30,4,two,two
192,0,30,30,5,thirds,thirds
193,0,30,30,6, ,","
194,0,31,31,0,yeah,yeah
195,0,31,31,1, ,.
196,0,32,32,0, ,...
197,0,32,32,1, ,[:
198,0,32,32,2, ,|:]
199,0,33,33,0,But,[But
200,0,33,33,1,then,|then
201,0,33,33,2,you,|you
202,0,33,33,3,got,|got
203,0,33,33,4,the,|the
204,0,33,33,5,other,|other
205,0,33,33,6,one,|one
206,0,33,33,7,Nathan,|~Nathan]
207,0,33,33,8, ,.
208,0,34,34,0,Oh,Oh
209,0,34,34,1, ,","
210,0,35,35,0,gosh,gosh
211,0,35,35,1, ,","
212,0,36,36,0, ,...
213,0,36,36,1,hm,hm
214,0,36,36,2, ,.
215,0,37,37,0, ,...
216,0,37,37,1,Leah,Le:ah:
217,0,37,37,2, ,.
218,0,38,38,0, ,...
219,0,38,38,1,She,She
220,0,38,38,2,snoozing,snoozing
221,0,38,38,3,on,on
222,0,38,38,4,the,the
223,0,38,38,5,floor,floor
224,0,38,38,6, ,?
225,0,39,39,0, ,..
226,0,39,39,1,Mhm,Mhm
227,0,39,39,2, ,.
228,0,40,40,0, ,...
229,0,40,40,1,Not,Not
230,0,40,40,2,anymore,anymore
231,0,40,40,3, ,","
232,0,41,41,0,you,you
233,0,41,41,1,woke,woke
234,0,41,41,2,her,her
235,0,41,41,3,up,u:p
236,0,41,41,4, ,.
237,0,42,42,0, ,...
238,0,42,42,1, ,@@@@
239,0,43,43,0, ,...
240,0,43,43,1, ,@@@
241,0,43,43,2, ,...
242,0,43,43,3, ,@@@
243,0,43,43,4, ,...
244,0,44,44,0, ,...
245,0,44,44,1,She's,She's
246,0,44,44,2,doing,doing
247,0,44,44,3,the,the
248,0,44,44,4,karate,karate
249,0,44,44,5,kid,kid
250,0,44,44,6, ,","
251,0,45,45,0,Nathan,~Nathan
252,0,45,45,1, ,.
253,0,46,46,0, ,..
254,0,46,46,1,She's,She's
255,0,46,46,2,like,like
256,0,46,46,3, ,","
257,0,47,47,0,leave,lea:ve
258,0,47,47,1,me,me
259,0,47,47,2,alone,alo:ne
260,0,47,47,3, ,.
261,0,48,48,0, ,...
262,0,48,48,1,Do,Do
263,0,48,48,2,I,I
264,0,48,48,3,deserve,deser:ve
265,0,48,48,4,this,this
266,0,48,48,5, ,@
267,0,48,48,6, ,.
268,0,49,49,0, ,[@@@@
269,0,49,49,1, ,|@@@
270,0,49,49,2, ,|@
271,0,50,50,0, ,[@@@@
272,0,50,50,1, ,|
273,0,50,50,2, ,|@@@@
274,0,50,50,3, ,|]
275,0,51,51,0,I,|I
276,0,51,51,1,mean,|mean
277,0,51,51,2,how,|how
278,0,51,51,3,would,|would
279,0,51,51,4,you,|you
280,0,51,51,5,like,|like
281,0,51,51,6,it,|it]
282,0,51,51,7, ,","
283,0,52,52,0,when,when
284,0,52,52,1,you're,you're
285,0,52,52,2,laying,laying
286,0,52,52,3,in,[2in
287,0,52,52,4,bed,|2be:d
288,0,52,52,5, ,","
289,0,53,53,0, ,[2@@@
290,0,53,53,1, ,|2@@@@@@@@]
291,0,53,53,2, ,@@
292,0,54,54,0,somebody,|2somebody
293,0,54,54,1,just,|2just
294,0,54,54,2,grabbed,|2grabbed
295,0,54,54,3,your,|2your
296,0,54,54,4,arm,|2arm
297,0,54,54,5, ,","
298,0,55,55,0,started,|2started
299,0,55,55,1,swinging,|2swinging
300,0,55,55,2,it,|2it
301,0,55,55,3,around,|2around2]
302,0,55,55,4, ,.
303,0,56,56,0, ,...
304,0,56,56,1,I'd,I'd
305,0,56,56,2,probably,probably
306,0,56,56,3,just,just
307,0,56,56,4,slap,slap
308,0,56,56,5,em,em
309,0,56,56,6, ,.
310,0,57,57,0, ,...
311,0,57,57,1,Ex,Ex
312,0,57,57,2,squared,squared
313,0,57,57,3,equals,equals
314,0,57,57,4,one,one
315,0,57,57,5,over,over
316,0,57,57,6,the,the
317,0,57,57,7,square,square
318,0,57,57,8,root,root
319,0,57,57,9,of,of
320,0,57,57,10,that,that
321,0,57,57,11, ,","
322,0,58,58,0, ,..
323,0,58,58,1,the,the
324,0,58,58,2,square,square
325,0,58,58,3,root,root
326,0,58,58,4,of,of
327,0,58,58,5,that,that
328,0,58,58,6, ,","
329,0,59,59,0, ,...
330,0,59,59,1,ex,ex
331,0,59,59,2,equals,equal[:s
332,0,59,59,3,the,|the
333,0,59,59,4,square,|square
334,0,59,59,5,root,|root
335,0,59,59,6,of,|of
336,0,59,59,7,one,|one
337,0,59,59,8, ,|]
338,0,59,59,9, ,","
339,0,60,60,0,She's,[She's
340,0,60,60,1,not,|not
341,0,60,60,2,even,|even
342,0,60,60,3,looking,|looking
343,0,60,60,4,at,|at
344,0,60,60,5,me,|me
345,0,60,60,6, ,.
346,0,61,61,0,She's,|She's
347,0,61,61,1,just,|just
348,0,61,61,2,looking,|looking
349,0,61,61,3, ,","
350,0,62,62,0,like,|l:ike]
351,0,62,62,1, ,--
352,0,63,63,0, ,..
353,0,63,63,1,I,I
354,0,63,63,2,know,know:
355,0,63,63,3, ,.
356,0,64,64,0, ,..
357,0,64,64,1,That's,That's
358,0,64,64,2,what,what
359,0,64,64,3,I'm,I'm
360,0,64,64,4,talking,talking
361,0,64,64,5,about,about
362,0,64,64,6, ,.
363,0,65,65,0, ,...
364,0,66,66,0, ,...
365,0,66,66,1,So,So
366,0,66,66,2, ,.
367,0,67,67,0, ,...
368,0,67,67,1,would,would
369,0,67,67,2,that,that
370,0,67,67,3,one,one
371,0,67,67,4,be,be:
372,0,67,67,5, ,","
373,0,68,68,0, ,...
374,0,68,68,1,square,square
375,0,68,68,2,root,root
376,0,68,68,3,of,of
377,0,68,68,4,one,one
378,0,68,68,5,half,half
379,0,68,68,6, ,?
380,0,69,69,0, ,...
381,0,69,69,1,Mhm,Mhm
382,0,69,69,2, ,","
383,0,70,70,0, ,...
384,0,70,70,1,It,It
385,0,70,70,2,would,would
386,0,70,70,3, ,?
387,0,71,71,0, ,...
388,0,71,71,1,Mhm,Mhm
389,0,71,71,2, ,.
390,0,72,72,0, ,...
391,0,72,72,1,Yep,Yep
392,0,72,72,2, ,.
393,0,73,73,0, ,...
394,0,73,73,1,But,But
395,0,73,73,2,do,do
396,0,73,73,3,y'all,y'all
397,0,73,73,4,have,have
398,0,73,73,5,to,to
399,0,73,73,6,do,do
400,0,73,73,7,that,that
401,0,73,73,8, ,","
402,0,74,74,0, ,..
403,0,74,74,1,um,um
404,0,74,74,2, ,","
405,0,75,75,0, ,...
406,0,75,75,1,you,you
407,0,75,75,2,have,have
408,0,75,75,3,to,to
409,0,75,75,4,like,like
410,0,75,75,5, ,","
411,0,76,76,0, ,...
412,0,76,76,1,have,have
413,0,76,76,2,it,it
414,0,76,76,3,where,where
415,0,76,76,4,you,you
416,0,76,76,5,do,do
417,0,76,76,6,that,that
418,0,76,76,7, ,","
419,0,77,77,0, ,..
420,0,77,77,1,there's,there's
421,0,77,77,2,no,no
422,0,77,77,3, ,","
423,0,78,78,0, ,...
424,0,78,78,1,um,um
425,0,78,78,2, ,","
426,0,79,79,0, ,...
427,0,79,79,1,fraction,fraction
428,0,79,79,2,under,under
429,0,79,79,3,the,the-
430,0,79,79,4, ,--
431,0,80,80,0,under,under
432,0,80,80,1,the,the
433,0,80,80,2, ,","
434,0,81,81,0, ,...
435,0,81,81,1,in,in
436,0,81,81,2,the,the
437,0,81,81,3, ,..
438,0,81,81,4,denominator,denominator
439,0,81,81,5, ,?
440,0,82,82,0, ,...
441,0,82,82,1,I,[I
442,0,82,82,2,mean,|mean
443,0,82,82,3,no,|no
444,0,82,82,4,fraction,|fraction
445,0,82,82,5,under,|under
446,0,82,82,6,the,|the]
447,0,82,82,7, ,--
448,0,83,83,0,Oh,[Oh:
449,0,83,83,1,yeah,|yeah:]
450,0,83,83,2, ,.
451,0,84,84,0, ,...
452,0,84,84,1,So,So
453,0,84,84,2,then,then
454,0,84,84,3,you,you
455,0,84,84,4,just,just
456,0,84,84,5,multiply,multiply:
457,0,84,84,6, ,","
458,0,85,85,0,the,the
459,0,85,85,1,whole,whole
460,0,85,85,2,thing,thing
461,0,85,85,3,by,by
462,0,85,85,4,the,the
463,0,85,85,5,square,square
464,0,85,85,6,root,root
465,0,85,85,7,of,of
466,0,85,85,8,two,two
467,0,85,85,9, ,","
468,0,86,86,0,and,and
469,0,86,86,1,you,you
470,0,86,86,2,get,get
471,0,86,86,3,the,the
472,0,86,86,4,square,square
473,0,86,86,5,root,root
474,0,86,86,6,of,of
475,0,86,86,7,two,two
476,0,86,86,8,over,over
477,0,86,86,9,two,two
478,0,86,86,10, ,.
479,0,87,87,0, ,...
480,0,87,87,1, ,@
481,0,87,87,2, ,[:]
482,0,88,88,0,Even,[Even
483,0,88,88,1,for,|f]or
484,0,88,88,2,the,the
485,0,88,88,3,top,top
486,0,88,88,4, ,..
487,0,88,88,5,one,one
488,0,88,88,6, ,?
489,0,89,89,0, ,...
490,0,89,89,1,Even,Even
491,0,89,89,2,for,for
492,0,89,89,3,that,that
493,0,89,89,4,one,one
494,0,89,89,5, ,?
495,0,90,90,0, ,...
496,0,90,90,1,No,No:
497,0,90,90,2, ,.
498,0,91,91,0,For,For-
499,0,91,91,1, ,--
500,0,92,92,0,I'm,I'm
501,0,92,92,1,talking,talking
502,0,92,92,2,about,about
503,0,92,92,3,for,for
504,0,92,92,4,this,this
505,0,92,92,5,one,one
506,0,92,92,6, ,.
507,0,93,93,0, ,...
508,0,93,93,1,Oh,Oh:
509,0,93,93,2, ,.
510,0,94,94,0, ,...
511,0,94,94,1,All,All
512,0,94,94,2,you,you
513,0,94,94,3,do,do
514,0,94,94,4,is,is
515,0,94,94,5,like,like
516,0,94,94,6,go,go
517,0,94,94,7, ,","
518,0,95,95,0, ,..
519,0,95,95,1,t,[t-
520,0,95,95,2, ,|..
521,0,95,95,3,two,|two
522,0,95,95,4,over,|over
523,0,95,95,5,one,|one]
524,0,95,95,6, ,","
525,0,96,96,0,You,[You
526,0,96,96,1,have,|have
527,0,96,96,2,the,|the
528,0,96,96,3,square,|square
529,0,96,96,4,root,|root
530,0,96,96,5,of,|of
531,0,96,96,6,one,|one:]
532,0,96,96,7, ,","
533,0,97,97,0,like,like
534,0,97,97,1,that,that
535,0,97,97,2, ,","
536,0,98,98,0,right,right
537,0,98,98,1, ,?
538,0,99,99,0, ,...
539,0,99,99,1,Mm,Mm.
540,0,99,99,2, ,-.
541,0,100,100,0, ,...
542,0,100,100,1,Since,Since
543,0,100,100,2,you,you
544,0,100,100,3,have,have
545,0,100,100,4,the,the
546,0,100,100,5,square,square
547,0,100,100,6,root,root
548,0,100,100,7,of,of
549,0,100,100,8,two,two
550,0,100,100,9,on,on
551,0,100,100,10,the,the
552,0,100,100,11,bottom,bottom
553,0,100,100,12, ,","
554,0,101,101,0, ,...
555,0,101,101,1,to,to
556,0,101,101,2,make,make
557,0,101,101,3,that,that
558,0,101,101,4,a,a
559,0,101,101,5,square,square
560,0,101,101,6, ,","
561,0,102,102,0,you,you
562,0,102,102,1,have,have
563,0,102,102,2,to,to
564,0,102,102,3,multiply,multiply
565,0,102,102,4,by,by
566,0,102,102,5,the,the
567,0,102,102,6,square,square
568,0,102,102,7,root,root
569,0,102,102,8,of,of
570,0,102,102,9,two,two
571,0,102,102,10, ,.
572,0,103,103,0, ,...
573,0,103,103,1,And,And
574,0,103,103,2,then,then
575,0,103,103,3,you,you
576,0,103,103,4,get,get
577,0,103,103,5,two,two:
578,0,103,103,6, ,","
579,0,104,104,0,and,and
580,0,104,104,1,you,you
581,0,104,104,2,multiply,multiply
582,0,104,104,3,the,the
583,0,104,104,4,top,top
584,0,104,104,5,by,by
585,0,104,104,6,the,the
586,0,104,104,7,square,square
587,0,104,104,8,root,root
588,0,104,104,9,of,of
589,0,104,104,10,two,two
590,0,104,104,11, ,","
591,0,105,105,0, ,..
592,0,105,105,1,and,and
593,0,105,105,2,you,you
594,0,105,105,3,get,get
595,0,105,105,4, ,","
596,0,106,106,0, ,..
597,0,106,106,1,square,square
598,0,106,106,2,root,root
599,0,106,106,3,of,of
600,0,106,106,4,two,two
601,0,106,106,5, ,.
602,0,107,107,0, ,...
603,0,107,107,1, ,@@@[@@@@]
604,0,108,108,0, ,[@@@
605,0,109,109,0,What,|@What:]
606,0,109,109,1, ,.
607,0,110,110,0,I,I
608,0,110,110,1,wanna,wanna
609,0,110,110,2,rewind,rewind
610,0,110,110,3,it,it
611,0,110,110,4,and,and
612,0,110,110,5,hear,hear
613,0,110,110,6,that,tha:t
614,0,110,110,7,back,back
615,0,110,110,8,again,[2again
616,0,110,110,9, ,.
617,0,111,111,0, ,|2[2@@@
618,0,111,111,1, ,|2
619,0,111,111,2, ,|2@@@
620,0,111,111,3, ,|2
621,0,111,111,4, ,|2@@@
622,0,111,111,5, ,|2@@@@]@@@@@
623,0,112,112,0,Cause,Cause
624,0,112,112,1,I,I
625,0,112,112,2,sure,sure
626,0,112,112,3,didn't,didn't
627,0,112,112,4,catch,catch
628,0,112,112,5,it,it
629,0,112,112,6,the,the
630,0,112,112,7,first,@first
631,0,112,112,8,time,@time
632,0,112,112,9, ,@@@2]
633,0,112,112,10, ,.
634,0,113,113,0, ,...
635,0,114,114,0,You,You
636,0,114,114,1,got,got
637,0,114,114,2,the,the
638,0,114,114,3,two,two
639,0,114,114,4, ,","
640,0,115,115,0,and,and
641,0,115,115,1,you,you
642,0,115,115,2,take,take
643,0,115,115,3,the,the
644,0,115,115,4,square,square
645,0,115,115,5,root,[root
646,0,115,115,6,of,|of
647,0,115,115,7,two,|two]
648,0,115,115,8, ,","
649,0,116,116,0, ,[@@]
650,0,117,117,0,and,and
651,0,117,117,1,you,you
652,0,117,117,2,get,get
653,0,117,117,3,the,the
654,0,117,117,4,negative,negative
655,0,117,117,5,two,[2two]
656,0,117,117,6, ,","
657,0,118,118,0, ,[2@]
658,0,119,119,0,which,which
659,0,119,119,1,you,you
660,0,119,119,2,take,take
661,0,119,119,3, ,[3..
662,0,119,119,4,the,|3the
663,0,119,119,5,square,|3square
664,0,119,119,6, ,","
665,0,120,120,0, ,[3@@@@
666,0,120,120,1, ,|3]
667,0,121,121,0,and,|3and
668,0,121,121,1,it,|3it
669,0,121,121,2,comes,|3comes3]
670,0,121,121,3,to,to
671,0,121,121,4,two,two
672,0,121,121,5, ,","
673,0,122,122,0, ,@@@
674,0,123,123,0,I'm,I'm
675,0,123,123,1,sorry,sorry
676,0,123,123,2, ,","
677,0,125,125,0, ,...
678,0,125,125,1,So,So
679,0,125,125,2, ,.
680,0,126,126,0, ,...
681,0,126,126,1,let's,let's
682,0,126,126,2,talk,talk
683,0,126,126,3,about,about
684,0,126,126,4,this,this
685,0,126,126,5,slowly,slow:ly:
686,0,126,126,6, ,","
687,0,127,127,0,as,as
688,0,127,127,1,I,I
689,0,127,127,2,write,wr:ite
690,0,127,127,3,this,this
691,0,127,127,4,down,down
692,0,127,127,5, ,","
693,0,128,128,0,as,as
694,0,128,128,1,you're,you're
695,0,128,128,2,saying,saying
696,0,128,128,3,it,it
697,0,128,128,4, ,.
698,0,129,129,0, ,..
699,0,129,129,1,Alright,Alright
700,0,129,129,2, ,?
701,0,130,130,0, ,...
702,0,130,130,1, ,..
703,0,130,130,2,This,This
704,0,130,130,3,is,is
705,0,130,130,4,what,what
706,0,130,130,5,we,we
707,0,130,130,6,came,came
708,0,130,130,7,out,out
709,0,130,130,8,with,with
710,0,130,130,9, ,.
711,0,131,131,0,Right,Right
712,0,131,131,1, ,?
713,0,132,132,0,It's,It's
714,0,132,132,1, ,--
715,0,133,133,0,But,But
716,0,133,133,1,put,put
717,0,133,133,2,it,it
718,0,133,133,3,as,as
719,0,133,133,4,the,the
720,0,133,133,5,square,square
721,0,133,133,6,root,root
722,0,133,133,7,of,of
723,0,133,133,8,one,o:ne
724,0,133,133,9, ,","
725,0,134,134,0, ,...
726,0,134,134,1,over,over
727,0,134,134,2,the,the
728,0,134,134,3,square,square
729,0,134,134,4,root,root
730,0,134,134,5,of,of
731,0,134,134,6,two,two:
732,0,134,134,7, ,.
733,0,135,135,0, ,..
734,0,135,135,1,Oh,Oh:
735,0,135,135,2, ,.
736,0,136,136,0, ,..
737,0,136,136,1,And,And
738,0,136,136,2,then,then
739,0,136,136,3,you,you
740,0,136,136,4, ,..
741,0,136,136,5,multiply,multiply
742,0,136,136,6,that,that
743,0,136,136,7,by,by
744,0,136,136,8,the,the
745,0,136,136,9,square,square
746,0,136,136,10,root,root
747,0,136,136,11,of,of
748,0,136,136,12,two,two:
749,0,136,136,13, ,","
750,0,137,137,0,over,over
751,0,137,137,1,the,the
752,0,137,137,2,square,square
753,0,137,137,3,root,root
754,0,137,137,4,of,of
755,0,137,137,5,two,tw[o
756,0,137,137,6, ,.
757,0,138,138,0,Right,[Ri:ght]
758,0,138,138,1, ,.
759,0,139,139,0, ,|
760,0,139,139,1,Uh,|Uh]
761,0,139,139,2, ,","
762,0,140,140,0,is,is
763,0,140,140,1,that,that
764,0,140,140,2,what,what
765,0,140,140,3,all,all
766,0,140,140,4,those,[2those
767,0,140,140,5,square,|2square
768,0,140,140,6,root,|2root
769,0,140,140,7,of,|2of
770,0,140,140,8,twos,|2twos
771,0,140,140,9,are,|2@are
772,0,140,140,10, ,?
773,0,141,141,0, ,[2
774,0,141,141,1,That's,|2That's
775,0,141,141,2,what,|2what
776,0,141,141,3,I,|2I
777,0,141,141,4,was,|2was
778,0,141,141,5,try,|2try-
779,0,141,141,6, ,|2@
780,0,141,141,7, ,--
781,0,142,142,0, ,|2@@@
782,0,142,142,1, ,|2
783,0,142,142,2, ,|2@@@
784,0,142,142,3, ,|22]
785,0,143,143,0, ,|2@@@@2]
786,0,144,144,0,That's,@That's
787,0,144,144,1,what,what
788,0,144,144,2,I,I
789,0,144,144,3,was,was
790,0,144,144,4,trying,trying
791,0,144,144,5,to,[3to
792,0,144,144,6,say,|3say:]
793,0,144,144,7, ,.
794,0,145,145,0, ,[3@
795,0,145,145,1, ,|3]
796,0,145,145,2,Okay,Okay
797,0,145,145,3, ,","
798,0,146,146,0,I,I
799,0,146,146,1,was,was
800,0,146,146,2,wondering,wondering
801,0,146,146,3,where,where
802,0,146,146,4,all,all
803,0,146,146,5,that,that
804,0,146,146,6, ,","
805,0,147,147,0,square,square
806,0,147,147,1,root,root
807,0,147,147,2,two,two:
808,0,147,147,3, ,","
809,0,148,148,0,square,square
810,0,148,148,1,root,root
811,0,148,148,2,two,[two:]
812,0,148,148,3, ,","
813,0,149,149,0, ,[@]@@
814,0,149,149,1,That's,[2That's
815,0,149,149,2,what,|2what
816,0,149,149,3,it,|2it
817,0,149,149,4,was,|2was]
818,0,149,149,5, ,.
819,0,150,150,0,Then,[2Then
820,0,150,150,1,right,|2right
821,0,150,150,2,here,|2here
822,0,150,150,3,you'd,|2you'd]
823,0,150,150,4,get,get
824,0,150,150,5, ,","
825,0,151,151,0, ,...
826,0,151,151,1,square,square
827,0,151,151,2,root,root
828,0,151,151,3,of,of
829,0,151,151,4,two,two
830,0,151,151,5, ,..
831,0,151,151,6,over,over
832,0,151,151,7,two,two
833,0,151,151,8, ,.
834,0,152,152,0, ,...
835,0,152,152,1,Mhm,Mhm
836,0,152,152,2, ,.
837,0,153,153,0, ,...
838,0,153,153,1,See,See
839,0,153,153,2,everything,everything
840,0,153,153,3,was,was
841,0,153,153,4, ,...
842,0,153,153,5,square,square
843,0,153,153,6,root,root
844,0,153,153,7,two,two:
845,0,153,153,8, ,","
846,0,154,154,0,over,over
847,0,154,154,1,two,two:
848,0,154,154,2, ,","
849,0,155,155,0,and,and
850,0,155,155,1,two,two
851,0,155,155,2, ,","
852,0,156,156,0,Right,Right
853,0,156,156,1, ,","
854,0,157,157,0,but,but
855,0,157,157,1,then,then
856,0,157,157,2, ,","
857,0,158,158,0, ,..
858,0,158,158,1,what,what
859,0,158,158,2,about,about
860,0,158,158,3, ,...
861,0,158,158,4,this,[this
862,0,158,158,5,one,|one]
863,0,158,158,6, ,.
864,0,159,159,0,on,[o:n
865,0,159,159,1,this,|this
866,0,159,159,2,one,|o]ne
867,0,159,159,3, ,.
868,0,160,160,0,Let,Let
869,0,160,160,1,me,me
870,0,160,160,2,do,do
871,0,160,160,3,this,this
872,0,160,160,4,one,one
873,0,160,160,5, ,.
874,0,161,161,0, ,..
875,0,161,161,1, ,[]
876,0,162,162,0,But,[But]
877,0,162,162,1, ,","
878,0,163,163,0,you,you
879,0,163,163,1,have,have
880,0,163,163,2,i,i%-
881,0,163,163,3, ,--
882,0,164,164,0, ,..
883,0,164,164,1,you,you
884,0,164,164,2,have,have
885,0,164,164,3,i,i:
886,0,164,164,4,square,square
887,0,164,164,5,root,root
888,0,164,164,6,of,of
889,0,164,164,7,three,three
890,0,164,164,8, ,","
891,0,165,165,0, ,..
892,0,165,165,1,over,over
893,0,165,165,2,square,square
894,0,165,165,3,root,root
895,0,165,165,4,of,of
896,0,165,165,5,three,three
897,0,165,165,6, ,.
898,0,166,166,0, ,...
899,0,166,166,1,I,I
900,0,166,166,2,mean,mean
901,0,166,166,3,z,z-
902,0,166,166,4, ,--
903,0,167,167,0, ,@
904,0,167,167,1, ,@
905,0,167,167,2,i,i
906,0,167,167,3,square,square
907,0,167,167,4,root,root
908,0,167,167,5,of,of
909,0,167,167,6,two,two
910,0,167,167,7,over,over
911,0,167,167,8,three,three-
912,0,167,167,9, ,--
913,0,168,168,0,square,square
914,0,168,168,1,root,root
915,0,168,168,2,of,of
916,0,168,168,3,three,@three
917,0,168,168,4, ,@@
918,0,168,168,5, ,.
919,0,169,169,0, ,@
920,0,169,169,1,I,@I
921,0,169,169,2,can't,@can't
922,0,169,169,3,even,even
923,0,169,169,4,say,say
924,0,169,169,5,it,it
925,0,169,169,6,right,right
926,0,169,169,7, ,.
927,0,171,171,0, ,..
928,0,171,171,1,Over,Over
929,0,171,171,2, ,","
930,0,172,172,0, ,...
931,0,172,172,1,do,do
932,0,172,172,2,I,I
933,0,172,172,3,have,have
934,0,172,172,4,another,another
935,0,172,172,5,i,i
936,0,172,172,6,down,down
937,0,172,172,7,here,here
938,0,172,172,8, ,","
939,0,173,173,0,or,or
940,0,173,173,1,just,just
941,0,173,173,2, ,..
942,0,173,173,3,the,the
943,0,173,173,4,one,one
944,0,173,173,5,i,[i:]
945,0,173,173,6, ,.
946,0,174,174,0,Um,[Um:]
947,0,174,174,1, ,","
948,0,175,175,0, ,...
949,0,175,175,1,no,no
950,0,175,175,2, ,.
951,0,176,176,0, ,..
952,0,176,176,1,Just,Just
953,0,176,176,2,one,one
954,0,176,176,3, ,.
955,0,177,177,0, ,...
956,0,177,177,1,Okay,Okay
957,0,177,177,2, ,","
958,0,178,178,0, ,...
959,0,178,178,1,three,three
960,0,178,178,2,and,#and
961,0,178,178,3,square,square
962,0,178,178,4,root,root
963,0,178,178,5,of,of
964,0,178,178,6,three,three
965,0,178,178,7, ,","
966,0,179,179,0,over,over
967,0,179,179,1,square,square
968,0,179,179,2,root,root
969,0,179,179,3,of,of
970,0,179,179,4,three,three
971,0,179,179,5, ,","
972,0,180,180,0,and,and
973,0,180,180,1,you,you
974,0,180,180,2,get,get
975,0,180,180,3, ,","
976,0,181,181,0, ,..
977,0,181,181,1, ,:
978,0,182,182,0, ,...
979,0,182,182,1,i,i
980,0,182,182,2,square,square
981,0,182,182,3,root,root
982,0,182,182,4,of,of
983,0,182,182,5,six,six
984,0,182,182,6, ,.
985,0,183,183,0, ,...
986,0,183,183,1,Yeah,Yeah
987,0,183,183,2, ,.
988,0,184,184,0, ,...
989,0,184,184,1,Over,Over
990,0,184,184,2,three,three
991,0,184,184,3, ,.
992,0,185,185,0, ,...
993,0,185,185,1,Is,Is
994,0,185,185,2,that,that
995,0,185,185,3,right,ri:ght
996,0,185,185,4, ,?
997,0,186,186,0, ,..
998,0,186,186,1,I,I
999,0,186,186,2,doubt,doubt
1000,0,186,186,3,it,it
1001,0,186,186,4, ,.
1002,0,187,187,0, ,...
1003,0,187,187,1, ,@@[@@
1004,0,187,187,2,I,|I
1005,0,187,187,3,really,|really
1006,0,187,187,4,do,|do
1007,0,187,187,5, ,","
1008,0,188,188,0, ,[@@@
1009,0,188,188,1, ,|
1010,0,188,188,2, ,|@@
1011,0,188,188,3, ,|
1012,0,188,188,4, ,|]
1013,0,189,189,0,I'm,|I'm
1014,0,189,189,1,not,|not
1015,0,189,189,2,kidding,|kidding]
1016,0,189,189,3, ,.
1017,0,190,190,0, ,..
1018,0,190,190,1,You,You
1019,0,190,190,2,can't,can't
1020,0,190,190,3, ,--
1021,0,191,191,0, ,...
1022,0,191,191,1,You,You
1023,0,191,191,2,can't,can't
1024,0,191,191,3,multiply,multiply:
1025,0,191,191,4, ,","
1026,0,192,192,0, ,..
1027,0,192,192,1,square,square
1028,0,192,192,2,roots,roots
1029,0,192,192,3,like,like
1030,0,192,192,4,that,that
1031,0,192,192,5, ,","
1032,0,193,193,0,can,can
1033,0,193,193,1,you,you
1034,0,193,193,2, ,?
1035,0,194,194,0, ,...
1036,0,194,194,1,Square,Square
1037,0,194,194,2,root,root
1038,0,194,194,3,of,of
1039,0,194,194,4,two,two
1040,0,194,194,5, ,","
1041,0,195,195,0, ,..
1042,0,195,195,1,times,times
1043,0,195,195,2,square,square
1044,0,195,195,3,root,root
1045,0,195,195,4,of,of
1046,0,195,195,5,three,three
1047,0,195,195,6, ,","
1048,0,196,196,0, ,...
1049,0,196,196,1,is,is
1050,0,196,196,2,square,square
1051,0,196,196,3,root,root
1052,0,196,196,4,of,of
1053,0,196,196,5,six,six
1054,0,196,196,6, ,","
1055,0,197,197,0, ,..
1056,0,197,197,1,is,is
1057,0,197,197,2,it,it
1058,0,197,197,3, ,?
1059,0,198,198,0, ,..
1060,0,198,198,1,Yeah,Yeah
1061,0,198,198,2, ,.
1062,0,199,199,0, ,..
1063,0,199,199,1,Okay,Okay
1064,0,199,199,2, ,.
1065,0,200,200,0, ,..
1066,0,200,200,1,Well,Well
1067,0,200,200,2, ,","
1068,0,201,201,0, ,..
1069,0,201,201,1,then,then
1070,0,201,201,2,that's,that's
1071,0,201,201,3,fine,fine
1072,0,201,201,4, ,.
1073,0,202,202,0, ,..
1074,0,202,202,1,Then,[Then
1075,0,202,202,2,that,|that
1076,0,202,202,3,is,|is
1077,0,202,202,4,right,|right]
1078,0,202,202,5, ,.
1079,0,203,203,0,Isn't,[Isn't
1080,0,203,203,1,that,|that
1081,0,203,203,2,c,|c-
1082,0,203,203,3, ,--
1083,0,204,204,0,You,|You]
1084,0,204,204,1,can,ca:n
1085,0,204,204,2,do,do
1086,0,204,204,3,that,that
1087,0,204,204,4, ,.
1088,0,205,205,0, ,...
1089,0,205,205,1,Yeah,Yeah
1090,0,205,205,2, ,.
1091,0,206,206,0, ,..
1092,0,206,206,1,Cause,Cause
1093,0,206,206,2,that's,that's
1094,0,206,206,3,the,the
1095,0,206,206,4,same,same
1096,0,206,206,5,way,way
1097,0,206,206,6,you're,you're
1098,0,206,206,7,multiplying,multiplying
1099,0,206,206,8,there,there
1100,0,206,206,9, ,","
1101,0,207,207,0, ,..
1102,0,207,207,1,square,square
1103,0,207,207,2,root,root
1104,0,207,207,3,of,of
1105,0,207,207,4,nine,nine
1106,0,207,207,5, ,","
1107,0,208,208,0, ,..
1108,0,208,208,1,that,that-
1109,0,208,208,2, ,--
1110,0,209,209,0,and,and
1111,0,209,209,1,square,square
1112,0,209,209,2,root,root
1113,0,209,209,3,of,of
1114,0,209,209,4,nine,nine
1115,0,209,209,5,equals,equals
1116,0,209,209,6,three,three
1117,0,209,209,7, ,.
1118,0,210,210,0, ,..
1119,0,210,210,1,Yeah,Yeah
1120,0,210,210,2, ,","
1121,0,211,211,0, ,...
1122,0,211,211,1,okay,okay
1123,0,211,211,2, ,.
1124,0,212,212,0, ,...
1125,0,212,212,1,Where's,Where's
1126,0,212,212,2,the,the
1127,0,212,212,3,test,test
1128,0,212,212,4, ,.
1129,0,213,213,0, ,...
1130,0,213,213,1,There,There
1131,0,213,213,2,ain't,ain't
1132,0,213,213,3,no,no:
1133,0,213,213,4,telling,telling
1134,0,213,213,5, ,.
1135,0,214,214,0, ,...
1136,0,214,214,1, ,[:]
1137,0,215,215,0,You,[You
1138,0,215,215,1,have,|have
1139,0,215,215,2,it,|it]
1140,0,215,215,3, ,.
1141,0,216,216,0, ,...
1142,0,216,216,1,I,I
1143,0,216,216,2,mean,mean
1144,0,216,216,3,I,I
1145,0,216,216,4,have,have
1146,0,216,216,5,it,it
1147,0,216,216,6, ,.
1148,0,217,217,0, ,...
1149,0,217,217,1, ,@@@
1150,0,218,218,0, ,...
1151,0,218,218,1,Okay,Okay
1152,0,218,218,2, ,.
1153,0,219,219,0, ,..
1154,0,219,219,1,The,The
1155,0,219,219,2,next,next
1156,0,219,219,3,one,one
1157,0,219,219,4, ,","
1158,0,220,220,0, ,...
1159,0,220,220,1,is,is
1160,0,220,220,2, ,","
1161,0,221,221,0, ,...
1162,0,222,222,0, ,...
1163,0,222,222,1,five,five
1164,0,222,222,2,ex,ex
1165,0,222,222,3, ,","
1166,0,223,223,0, ,...
1167,0,223,223,1,times,times
1168,0,223,223,2, ,...
1169,0,223,223,3,ex,ex
1170,0,223,223,4,minus,minus
1171,0,223,223,5,one,one
1172,0,223,223,6, ,","
1173,0,224,224,0, ,...
1174,0,224,224,1, ,[]
1175,0,225,225,0,Is,[Is
1176,0,225,225,1,that,|that]
1177,0,225,225,2,it,it
1178,0,225,225,3, ,?
1179,0,226,226,0, ,...
1180,0,226,226,1, ,[2:]
1181,0,227,227,0,um,[2#um:]
1182,0,227,227,1, ,","
1183,0,228,228,0, ,...
1184,0,228,228,1,equals,equals
1185,0,228,228,2, ,","
1186,0,229,229,0, ,...
1187,0,229,229,1,two,two
1188,0,229,229,2, ,","
1189,0,230,230,0, ,...
1190,0,230,230,1,times,times
1191,0,230,230,2,one,one
1192,0,230,230,3,minus,minus
1193,0,230,230,4,ex,ex
1194,0,230,230,5, ,.
1195,0,231,231,0, ,...
1196,0,231,231,1, ,@@@@@
1197,0,231,231,2,Leah,Le:ah:
1198,0,231,231,3, ,.
1199,0,232,232,0, ,...
1200,0,232,232,1, ,@@@
1201,0,232,232,2, ,@[@]
1202,0,233,233,0,Two,[Two]
1203,0,233,233,1,times,times
1204,0,233,233,2,one,one
1205,0,233,233,3,minus,minus
1206,0,233,233,4,ex,ex
1207,0,233,233,5, ,?
1208,0,234,234,0, ,..
1209,0,234,234,1,Yeah,Yeah
1210,0,234,234,2, ,.
1211,0,235,235,0, ,...
1212,0,235,235,1,And,And
1213,0,235,235,2,that's,that's
1214,0,235,235,3,easy,easy
1215,0,235,235,4, ,","
1216,0,236,236,0,you,you
1217,0,236,236,1,can,can
1218,0,236,236,2,do,do
1219,0,236,236,3,that,that
1220,0,236,236,4, ,.
1221,0,237,237,0, ,...
1222,0,237,237,1,Oh,Oh
1223,0,237,237,2,this,this
1224,0,237,237,3,is,is
1225,0,237,237,4,easy,easy
1226,0,237,237,5, ,.
1227,0,238,238,0, ,...
1228,0,238,238,1,Ex,Ex
1229,0,238,238,2,squared,squared
1230,0,238,238,3, ,.
1231,0,239,239,0, ,...
1232,0,239,239,1,Please,Please
1233,0,239,239,2,say,say
1234,0,239,239,3,this,this
1235,0,239,239,4,will,will
1236,0,239,239,5,factor,factor
1237,0,239,239,6, ,?
1238,0,240,240,0, ,...
1239,0,240,240,1,Will,Will
1240,0,240,240,2,it,it
1241,0,240,240,3, ,?
1242,0,241,241,0, ,...
1243,0,241,241,1,Na,Na
1244,0,241,241,2, ,","
1245,0,242,242,0, ,..
1246,0,242,242,1,you,you
1247,0,242,242,2,do,do
1248,0,242,242,3,it,it
1249,0,242,242,4, ,.
1250,0,243,243,0, ,..
1251,0,243,243,1,Well,Well
1252,0,243,243,2, ,","
1253,0,244,244,0,I,I
1254,0,244,244,1,mean,mean
1255,0,244,244,2, ,","
1256,0,245,245,0,that's,that's
1257,0,245,245,1,just,just
1258,0,245,245,2,wasting,wasting
1259,0,245,245,3,time,time
1260,0,245,245,4, ,.
1261,0,246,246,0,Cause,Cause
1262,0,246,246,1,if,if
1263,0,246,246,2,it's,it's
1264,0,246,246,3,not,no[:t]
1265,0,246,246,4, ,","
1266,0,247,247,0,Yeah,[Yeah]
1267,0,247,247,1, ,.
1268,0,248,248,0, ,..
1269,0,248,248,1,It,It
1270,0,248,248,2,does,does
1271,0,248,248,3, ,?
1272,0,249,249,0, ,..
1273,0,249,249,1,Mhm,Mhm
1274,0,249,249,2, ,.
1275,0,250,250,0, ,...
1276,0,250,250,1,One,One
1277,0,250,250,2,and,and
1278,0,250,250,3,negative,negative
1279,0,250,250,4,twofifths,twofifths?
1280,0,250,250,5, ,-?
1281,0,251,251,0, ,..
1282,0,251,251,1,Mhm,Mhm
1283,0,251,251,2, ,.
1284,0,252,252,0, ,...
1285,0,252,252,1,And,And
1286,0,252,252,2,I,I
1287,0,252,252,3,can,can
1288,0,252,252,4,always,al[ways
1289,0,252,252,5,put,|put
1290,0,252,252,6,those,|tho]se
1291,0,252,252,7,back,back
1292,0,252,252,8,up,up
1293,0,252,252,9,into,into
1294,0,252,252,10,the,the
1295,0,252,252,11,top,to:p
1296,0,252,252,12, ,","
1297,0,253,253,0, ,[]
1298,0,254,254,0,and,and
1299,0,254,254,1, ,","
1300,0,255,255,0, ,...
1301,0,255,255,1,and,and
1302,0,255,255,2,see,see
1303,0,255,255,3,if,if
1304,0,255,255,4,they,they
1305,0,255,255,5,check,check
1306,0,255,255,6, ,.
1307,0,256,256,0,Right,Right
1308,0,256,256,1, ,?
1309,0,257,257,0, ,...
1310,0,257,257,1,Let,#Let
1311,0,257,257,2,me,#me
1312,0,257,257,3,just,just
1313,0,257,257,4,try,try
1314,0,257,257,5,the,the
1315,0,257,257,6,one,one
1316,0,257,257,7, ,?
1317,0,258,258,0, ,...
1318,0,258,258,1,Five,#Fi:ve
1319,0,258,258,2, ,","
1320,0,260,260,0, ,...
1321,0,260,260,1,I,I
1322,0,260,260,2,got,got
1323,0,260,260,3,zero,zero
1324,0,260,260,4,equals,equals
1325,0,260,260,5,zero,%zero:
1326,0,260,260,6, ,.
1327,0,261,261,0, ,[@@@@@@]
1328,0,262,262,0,Tha,[Tha-
1329,0,262,262,1,that's,|that's
1330,0,262,262,2,right,|right
1331,0,262,262,3, ,.
1332,0,263,263,0, ,|@@@][2@]
1333,0,264,264,0,And,[2And
1334,0,264,264,1,that's,|2th]at's
1335,0,264,264,2,one,one
1336,0,264,264,3, ,?
1337,0,265,265,0, ,...
1338,0,265,265,1,Yeah,Yeah
1339,0,265,265,2, ,.
1340,0,266,266,0, ,...
1341,0,266,266,1, ,@@@@
1342,0,266,266,2, ,@@
1343,0,266,266,3, ,[]
1344,0,267,267,0, ,[
1345,0,267,267,1,Zero,|Zero]
1346,0,267,267,2,equals,equals
1347,0,267,267,3,zero,zero
1348,0,267,267,4,equals,equals
1349,0,267,267,5,one,one
1350,0,267,267,6, ,%
1351,0,267,267,7, ,.
1352,0,268,268,0, ,...
1353,0,268,268,1, ,@@@@
1354,0,268,268,2, ,...
1355,0,268,268,3,Okay,Okay
1356,0,268,268,4, ,.
1357,0,269,269,0, ,...
1358,0,269,269,1,Fingerprint,#Fingerprint
1359,0,269,269,2,file,#file:
1360,0,269,269,3, ,","
1361,0,270,270,0, ,:
1362,0,270,270,1,you,you
1363,0,270,270,2,got,got
1364,0,270,270,3,me,me
1365,0,270,270,4,down,dow:n
1366,0,270,270,5, ,.
1367,0,271,271,0, ,@@@@
1368,0,272,272,0,Come,Come
1369,0,272,272,1,on,on
1370,0,272,272,2, ,.
1371,0,273,273,0,Ex,Ex
1372,0,273,273,1, ,","
1373,0,274,274,0, ,...
1374,0,274,274,1,times,times
1375,0,274,274,2, ,","
1376,0,275,275,0, ,..
1377,0,275,275,1,Hang,Hang
1378,0,275,275,2,on,on
1379,0,275,275,3, ,.
1380,0,276,276,0, ,..
1381,0,276,276,1,Number,Number
1382,0,276,276,2,eight,eight
1383,0,276,276,3, ,.
1384,0,277,277,0, ,...
1385,0,277,277,1,Ex,Ex
1386,0,277,277,2, ,","
1387,0,278,278,0, ,...
1388,0,278,278,1,times,times
1389,0,278,278,2, ,","
1390,0,279,279,0, ,..
1391,0,279,279,1,two,two:
1392,0,279,279,2,minus,minus
1393,0,279,279,3,ex,ex
1394,0,279,279,4, ,.
1395,0,280,280,0, ,...
1396,0,280,280,1,Two,Two
1397,0,280,280,2,minus,minus
1398,0,280,280,3,ex,ex
1399,0,280,280,4, ,","
1400,0,281,281,0,is,is
1401,0,281,281,1,less,less
1402,0,281,281,2,than,than
1403,0,281,281,3,or,or
1404,0,281,281,4,equal,equal
1405,0,281,281,5,to,to
1406,0,281,281,6, ,","
1407,0,282,282,0,WHISTLE,{WHISTLE}
1408,0,283,283,0, ,...
1409,0,283,283,1,I,[I
1410,0,283,283,2,don't,|don't
1411,0,283,283,3,like,|like
1412,0,283,283,4,these,|these]
1413,0,283,283,5, ,.
1414,0,284,284,0,three,[three
1415,0,284,284,1,times,|times
1416,0,284,284,2,ex,|ex]
1417,0,284,284,3, ,","
1418,0,285,285,0, ,..
1419,0,285,285,1,minus,minus
1420,0,285,285,2,four,four
1421,0,285,285,3, ,.
1422,0,286,286,0, ,...
1423,0,286,286,1,Three,Three
1424,0,286,286,2,times,times
1425,0,286,286,3,ex,e:x
1426,0,286,286,4, ,","
1427,0,287,287,0,minus,minus
1428,0,287,287,1,four,four
1429,0,287,287,2, ,?
1430,0,288,288,0, ,..
1431,0,288,288,1,Right,Right
1432,0,288,288,2, ,.
1433,0,289,289,0, ,...
1434,0,289,289,1,Alright,Alright
1435,0,289,289,2, ,","
1436,0,290,290,0, ,...
1437,0,290,290,1,distribute,distribute
1438,0,290,290,2,first,first
1439,0,290,290,3, ,","
1440,0,291,291,0,right,right
1441,0,291,291,1, ,?
1442,0,292,292,0,Mhm,Mhm
1443,0,292,292,1, ,.
1444,0,293,293,0, ,...
1445,0,293,293,1,Two,Two
1446,0,293,293,2,ex,ex
1447,0,293,293,3,minus,minus:
1448,0,293,293,4, ,..
1449,0,293,293,5,ex,ex
1450,0,293,293,6,squared,squa:red
1451,0,293,293,7, ,","
1452,0,294,294,0, ,...
1453,0,294,294,1,three,three
1454,0,294,294,2,ex,ex
1455,0,294,294,3,minus,minus
1456,0,294,294,4,twelve,tw:el:v:e
1457,0,294,294,5, ,","
1458,0,295,295,0, ,...
1459,0,295,295,1,you,you
1460,0,295,295,2,get,get
1461,0,295,295,3, ,","
1462,0,296,296,0, ,...
1463,0,296,296,1,do,do
1464,0,296,296,2,that,that
1465,0,296,296,3,side,side
1466,0,296,296,4, ,","
1467,0,297,297,0,so,so
1468,0,297,297,1,you,you
1469,0,297,297,2,get,get
1470,0,297,297,3, ,..
1471,0,297,297,4,ex,ex
1472,0,297,297,5, ,","
1473,0,298,298,0, ,..
1474,0,298,298,1,whoa,whoa
1475,0,298,298,2, ,.
1476,0,299,299,0,I,I
1477,0,299,299,1,don't,don't
1478,0,299,299,2,want,want
1479,0,299,299,3,to,to
1480,0,299,299,4,do,do
1481,0,299,299,5,that,that
1482,0,299,299,6, ,.
1483,0,300,300,0, ,...
1484,0,300,300,1,Negative,Negativ:e
1485,0,300,300,2,ex,ex
1486,0,300,300,3,squared,squa:red
1487,0,300,300,4, ,","
1488,0,301,301,0, ,...
1489,0,301,301,1,two,two
1490,0,301,301,2,ex,ex
1491,0,301,301,3,minus,minus
1492,0,301,301,4, ,##
1493,0,301,301,5, ,","
1494,0,302,302,0,two,two
1495,0,302,302,1,minus,minus
1496,0,302,302,2,ex,ex
1497,0,302,302,3, ,","
1498,0,303,303,0, ,...
1499,0,303,303,1,um,um
1500,0,303,303,2, ,","
1501,0,304,304,0,plus,plus
1502,0,304,304,1,twelve,twelve
1503,0,304,304,2, ,####
1504,0,304,304,3, ,","
1505,0,305,305,0, ,...
1506,0,305,305,1, ,...
1507,0,305,305,2,Now,Now
1508,0,305,305,3,do,do
1509,0,305,305,4,you,you
1510,0,305,305,5,factor,factor
1511,0,305,305,6,this,this
1512,0,305,305,7, ,?
1513,0,306,306,0, ,...
1514,0,306,306,1,after,after
1515,0,306,306,2,you,you
1516,0,306,306,3,do,do
1517,0,306,306,4,that,that
1518,0,306,306,5, ,?
1519,0,307,307,0, ,...
1520,0,307,307,1,Yeah,Yeah
1521,0,307,307,2, ,.
1522,0,308,308,0, ,...
1523,0,308,308,1,Yeah,Yeah
1524,0,308,308,2, ,.
1525,0,309,309,0, ,...
1526,0,309,309,1,Oh,Oh
1527,0,309,309,2,but,but
1528,0,309,309,3,first,first
1529,0,309,309,4,I,I
1530,0,309,309,5,gotta,gotta
1531,0,309,309,6,take,take
1532,0,309,309,7,out,out
1533,0,309,309,8,that,that
1534,0,309,309,9,negative,negative
1535,0,309,309,10,one,one
1536,0,309,309,11, ,","
1537,0,310,310,0,don't,don't
1538,0,310,310,1, ,--
1539,0,311,311,0,I,I
1540,0,311,311,1,mean,mean
1541,0,311,311,2,that,that
1542,0,311,311,3,negative,negative
1543,0,311,311,4, ,.
1544,0,312,312,0, ,...
1545,0,312,312,1,Mhm,[Mhm]
1546,0,312,312,2, ,.
1547,0,313,313,0,in,[in
1548,0,313,313,1,front,|front]
1549,0,313,313,2,of,of
1550,0,313,313,3,that,that
1551,0,313,313,4,ex,ex
1552,0,313,313,5,squared,squared
1553,0,313,313,6,so,so
1554,0,313,313,7,I,I
1555,0,313,313,8,just,just
1556,0,313,313,9, ,","
1557,0,314,314,0, ,..
1558,0,314,314,1,I,I
1559,0,314,314,2,can,can
1560,0,314,314,3,multiply,multiply
1561,0,314,314,4,that,that
1562,0,314,314,5,whole,whole
1563,0,314,314,6,side,side
1564,0,314,314,7,by,by
1565,0,314,314,8, ,..
1566,0,314,314,9,negative,negative
1567,0,314,314,10,one,one
1568,0,314,314,11,again,#again
1569,0,314,314,12,though,#though
1570,0,314,314,13, ,?
1571,0,315,315,0, ,..
1572,0,315,315,1,Yeah,Yeah
1573,0,315,315,2, ,.
1574,0,316,316,0,Then,Then
1575,0,316,316,1,you,you
1576,0,316,316,2,flip,flip
1577,0,316,316,3,that,that
1578,0,316,316,4,sign,sign
1579,0,316,316,5,over,over
1580,0,316,316,6, ,.
1581,0,317,317,0, ,...
1582,0,317,317,1,I,I
1583,0,317,317,2,have,have
1584,0,317,317,3,to,to
1585,0,317,317,4,flip,flip
1586,0,317,317,5,that,that
1587,0,317,317,6,sign,sign
1588,0,317,317,7,over,over
1589,0,317,317,8,if,if
1590,0,317,317,9,I,I
1591,0,317,317,10,do,do
1592,0,317,317,11,that,that
1593,0,317,317,12, ,?
1594,0,318,318,0,Mhm,Mhm
1595,0,318,318,1, ,.
1596,0,319,319,0, ,...
1597,0,319,319,1,See,See
1598,0,319,319,2,it's,it's
1599,0,319,319,3,little,little
1600,0,319,319,4,rules,rules
1601,0,319,319,5,like,like
1602,0,319,319,6,that,that
1603,0,319,319,7, ,","
1604,0,320,320,0, ,..
1605,0,320,320,1,that,that
1606,0,320,320,2,I'm,I'm
1607,0,320,320,3,not,not
1608,0,320,320,4,gonna,gonna
1609,0,320,320,5,remember,remember
1610,0,320,320,6, ,.
1611,0,321,321,0, ,...
1612,0,321,321,1,So,So
1613,0,321,321,2,if,if
1614,0,321,321,3,it's,it's
1615,0,321,321,4,a,a
1616,0,321,321,5, ,--
1617,0,322,322,0, ,..
1618,0,322,322,1,if,if
1619,0,322,322,2,it's,it's
1620,0,322,322,3,less,less
1621,0,322,322,4,than,than
1622,0,322,322,5,or,or
1623,0,322,322,6,equal,equal
1624,0,322,322,7,to,to
1625,0,322,322,8, ,","
1626,0,323,323,0,then,then
1627,0,323,323,1, ,","
1628,0,324,324,0,and,and
1629,0,324,324,1,there's,there's
1630,0,324,324,2,a,a
1631,0,324,324,3,minus,minus:
1632,0,324,324,4, ,","
1633,0,325,325,0,you,you
1634,0,325,325,1,have,have
1635,0,325,325,2,to,to
1636,0,325,325,3,flip,flip
1637,0,325,325,4,the,the
1638,0,325,325,5,sign,si:gn
1639,0,325,325,6, ,.
1640,0,326,326,0, ,...
1641,0,326,326,1,Okay,Okay
1642,0,326,326,2, ,.
1643,0,327,327,0, ,...
1644,0,327,327,1,Are,Are
1645,0,327,327,2,you,you
1646,0,327,327,3,tired,tired
1647,0,327,327,4, ,?
1648,0,328,328,0, ,...
1649,0,328,328,1,Not,N:ot
1650,0,328,328,2,really,really
1651,0,328,328,3, ,.
1652,0,329,329,0, ,...
1653,0,329,329,1,I,I
1654,0,329,329,2,mean,mean
1655,0,329,329,3,kind,kind
1656,0,329,329,4,of,of
1657,0,329,329,5,but,but
1658,0,329,329,6, ,","
1659,0,330,330,0, ,...
1660,0,330,330,1,I'm,I'm
1661,0,330,330,2,gonna,gonna
1662,0,330,330,3,go,go
1663,0,330,330,4,home,home
1664,0,330,330,5,in,in
1665,0,330,330,6,just,just
1666,0,330,330,7,a,a
1667,0,330,330,8,few,few
1668,0,330,330,9,minutes,minutes
1669,0,330,330,10, ,.
1670,0,331,331,0,Why,Why
1671,0,331,331,1, ,.
1672,0,332,332,0, ,..
1673,0,332,332,1,Cause,Cause
1674,0,332,332,2,I,I
1675,0,332,332,3,can,can
1676,0,332,332,4,work,work
1677,0,332,332,5,on,on
1678,0,332,332,6,this,this
1679,0,332,332,7, ,..
1680,0,332,332,8,at,at
1681,0,332,332,9,home,home
1682,0,332,332,10, ,","
1683,0,333,333,0,and,and
1684,0,333,333,1,let,let
1685,0,333,333,2,you,you
1686,0,333,333,3,get,get
1687,0,333,333,4,some,some
1688,0,333,333,5,sleep,sleep
1689,0,333,333,6, ,.
1690,0,334,334,0, ,..
1691,0,335,335,0, ,...
1692,0,335,335,1,Ouch,Ouch
1693,0,335,335,2, ,.
1694,0,336,336,0, ,...
1695,0,337,337,0, ,..
1696,0,337,337,1,Okay,Okay:
1697,0,337,337,2, ,.
1698,0,338,338,0, ,...
1699,0,338,338,1,S,S::
1700,0,338,338,2,so,so
1701,0,338,338,3,you,you
1702,0,338,338,4,say,say
1703,0,338,338,5,ex,ex
1704,0,338,338,6, ,..
1705,0,338,338,7,plus,plus
1706,0,338,338,8,four,four
1707,0,338,338,9, ,?
1708,0,339,339,0, ,...
1709,0,339,339,1,is,is
1710,0,339,339,2,greater,greater
1711,0,339,339,3,than,than
1712,0,339,339,4,or,or
1713,0,339,339,5,equal,equal
1714,0,339,339,6,to,to
1715,0,339,339,7,zero,zero
1716,0,339,339,8, ,#
1717,0,339,339,9, ,?
1718,0,340,340,0, ,...
1719,0,340,340,1,So,So
1720,0,340,340,2,you,you
1721,0,340,340,3,say,say:
1722,0,340,340,4, ,","
1723,0,341,341,0, ,...
1724,0,341,341,1,ex,ex
1725,0,341,341,2,is,is
1726,0,341,341,3,greater,greater
1727,0,341,341,4,than,than
1728,0,341,341,5,or,or
1729,0,341,341,6,equal,equal
1730,0,341,341,7,to,to:
1731,0,341,341,8, ,","
1732,0,342,342,0,negative,negative
1733,0,342,342,1,four,four
1734,0,342,342,2, ,","
1735,0,343,343,0, ,...
1736,0,343,343,1,and,a:nd
1737,0,343,343,2, ,","
1738,0,344,344,0,ex,ex
1739,0,344,344,1, ,","
1740,0,345,345,0, ,...
1741,0,345,345,1,three,three
1742,0,345,345,2, ,.
1743,0,346,346,0, ,...
1744,0,346,346,1,Or,Or
1745,0,346,346,2, ,.
1746,0,347,347,0, ,...
1747,0,347,347,1,Oh,Oh
1748,0,347,347,2, ,","
1749,0,348,348,0,is,is
1750,0,348,348,1,that,that
1751,0,348,348,2,one,one
1752,0,348,348,3,of,of
1753,0,348,348,4,the,the
1754,0,348,348,5,ones,ones
1755,0,348,348,6,where,where
1756,0,348,348,7,you,you
1757,0,348,348,8,have,have
1758,0,348,348,9,to,to
1759,0,348,348,10,do,do
1760,0,348,348,11,or,or
1761,0,348,348,12, ,?
1762,0,349,349,0, ,..
1763,0,349,349,1,Yeah,Yeah
1764,0,349,349,2, ,.
1765,0,350,350,0, ,...
1766,0,350,350,1,And,And
1767,0,350,350,2,if,if
1768,0,350,350,3,it's,it's
1769,0,350,350,4, ,","
1770,0,351,351,0, ,...
1771,0,351,351,1,less,less
1772,0,351,351,2,than,tha:n
1773,0,351,351,3, ,","
1774,0,352,352,0, ,...
1775,0,352,352,1,do,do
1776,0,352,352,2,you,you
1777,0,352,352,3,still,still
1778,0,352,352,4,do,do
1779,0,352,352,5,or,or
1780,0,352,352,6, ,?
1781,0,353,353,0, ,...
1782,0,353,353,1,No,No
1783,0,353,353,2,that's,that's
1784,0,353,353,3,if,if
1785,0,353,353,4,it's,it's
1786,0,353,353,5,um,um:
1787,0,353,353,6, ,","
1788,0,354,354,0, ,...
1789,0,354,354,1,in,in
1790,0,354,354,2,the,the
1791,0,354,354,3, ,","
1792,0,355,355,0,in,in
1793,0,355,355,1,the,the
1794,0,355,355,2,b,"b,"
1795,0,355,355,3, ,"-,"
1796,0,356,356,0,in,in
1797,0,356,356,1,between,between
1798,0,356,356,2, ,?
1799,0,357,357,0, ,...
1800,0,357,357,1,those,those
1801,0,357,357,2,two,two
1802,0,357,357,3,numbers,number:s
1803,0,357,357,4, ,","
1804,0,358,358,0,you,you
1805,0,358,358,1,know,know
1806,0,358,358,2, ,?
1807,0,359,359,0, ,...
1808,0,359,359,1,If,If
1809,0,359,359,2,there's,there's
1810,0,359,359,3,like,like
1811,0,359,359,4,a,a
1812,0,359,359,5, ,","
1813,0,360,360,0, ,...
1814,0,360,360,1,like,like
1815,0,360,360,2,this,this
1816,0,360,360,3,one,one
1817,0,360,360,4,don't,don't
1818,0,360,360,5,look,look
1819,0,360,360,6, ,.
1820,0,361,361,0, ,...
1821,0,361,361,1,But,But
1822,0,361,361,2,if,if
1823,0,361,361,3,there's,there's
1824,0,361,361,4,like,like
1825,0,361,361,5,a,a
1826,0,361,361,6, ,","
1827,0,362,362,0, ,...
1828,0,362,362,1,ex,ex
1829,0,362,362,2, ,..
1830,0,362,362,3,in,in
1831,0,362,362,4,the,the
1832,0,362,362,5,middle,middle
1833,0,362,362,6, ,.
1834,0,363,363,0, ,[:]
1835,0,364,364,0,Well,[Well
1836,0,364,364,1,no,|no]
1837,0,364,364,2,that's,that's
1838,0,364,364,3,a,a
1839,0,364,364,4,or,or
1840,0,364,364,5, ,.
1841,0,365,365,0, ,..
1842,0,365,365,1,If,If
1843,0,365,365,2,you,you
1844,0,365,365,3,have,have
1845,0,365,365,4,like,like
1846,0,365,365,5,one,o:ne
1847,0,365,365,6,number,number
1848,0,365,365,7,on,on
1849,0,365,365,8,one,one
1850,0,365,365,9,side,si[de
1851,0,365,365,10, ,","
1852,0,366,366,0, ,[
1853,0,366,366,1,Mm,|Mm
1854,0,366,366,2, ,|]
1855,0,366,366,3, ,.
1856,0,367,367,0,and,|and
1857,0,367,367,1,it,|it]
1858,0,367,367,2,says,say[2s
1859,0,367,367,3, ,","
1860,0,368,368,0,Yes,[2Yes
1861,0,368,368,1, ,","
1862,0,369,369,0,greater,|2greater
1863,0,369,369,1,than,|2than
1864,0,369,369,2,or,|2or2]
1865,0,369,369,3,equal,equal
1866,0,369,369,4,to,to
1867,0,369,369,5,ex,ex
1868,0,369,369,6, ,","
1869,0,370,370,0,like,|2like2]
1870,0,370,370,1, ,","
1871,0,371,371,0,and,and
1872,0,371,371,1,than,than
1873,0,371,371,2,l,"l,"
1874,0,371,371,3, ,"-,"
1875,0,372,372,0,that,that
1876,0,372,372,1,one's,one's
1877,0,372,372,2,less,less
1878,0,372,372,3,than,than
1879,0,372,372,4,or,or
1880,0,372,372,5,equal,equal
1881,0,372,372,6,to,[to]
1882,0,372,372,7, ,--
1883,0,373,373,0,like,[like]
1884,0,373,373,1,two,two:
1885,0,373,373,2, ,","
1886,0,374,374,0, ,..
1887,0,374,374,1,is,is
1888,0,374,374,2,less,less
1889,0,374,374,3,than,than
1890,0,374,374,4,or,or
1891,0,374,374,5,equal,equal
1892,0,374,374,6,to,to
1893,0,374,374,7,ex,ex
1894,0,374,374,8, ,","
1895,0,375,375,0,is,is
1896,0,375,375,1,less,[less
1897,0,375,375,2,than,|than:]
1898,0,375,375,3,or,or
1899,0,375,375,4,equal,e[2qual
1900,0,375,375,5,to,|2to]
1901,0,375,375,6, ,","
1902,0,376,376,0,which,[which
1903,0,376,376,1,is,|is]
1904,0,376,376,2, ,","
1905,0,377,377,0, ,[2##]
1906,0,377,377,1, ,","
1907,0,378,378,0, ,%:
1908,0,378,378,1,less,[3less
1909,0,378,378,2,than,|3than]
1910,0,378,378,3,or,or
1911,0,378,378,4,equal,equal
1912,0,378,378,5,to,to[4%:]
1913,0,378,378,6, ,","
1914,0,379,379,0,less,[3less
1915,0,379,379,1,tha,|3tha-]
1916,0,379,379,2, ,--
1917,0,380,380,0,less,[4less]
1918,0,380,380,1,than,than
1919,0,380,380,2,or,or
1920,0,380,380,3,equal,equal
1921,0,380,380,4,to,to
1922,0,380,380,5, ,","
1923,0,381,381,0, ,..
1924,0,381,381,1,six,six
1925,0,381,381,2, ,.
1926,0,382,382,0, ,..
1927,0,382,382,1,Right,Right
1928,0,382,382,2, ,.
1929,0,383,383,0, ,...
1930,0,384,384,0, ,...
1931,0,384,384,1,So,So
1932,0,384,384,2,the,the
1933,0,384,384,3,final,final
1934,0,384,384,4,ans,ans-
1935,0,384,384,5, ,--
1936,0,385,385,0,So,So
1937,0,385,385,1,that's,that's
1938,0,385,385,2,the,the
1939,0,385,385,3,answer,answer
1940,0,385,385,4, ,.
1941,0,386,386,0, ,...
1942,0,386,386,1,Right,[Right]
1943,0,386,386,2, ,?
1944,0,387,387,0,Mhm,[Mhm]
1945,0,387,387,1, ,.
1946,0,388,388,0, ,...
1947,0,388,388,1, ,...
1948,0,388,388,2,Number,Number
1949,0,388,388,3,nine,ni:ne
1950,0,388,388,4, ,.
1951,0,389,389,0, ,...
1952,0,389,389,1,Okay,Okay
1953,0,389,389,2, ,.
1954,0,390,390,0, ,..
1955,0,390,390,1,I,I
1956,0,390,390,2,don't,don't
1957,0,390,390,3,know,know
1958,0,390,390,4,this,this
1959,0,390,390,5,one,one
1960,0,390,390,6,so,so:
1961,0,390,390,7, ,","
1962,0,391,391,0, ,..
1963,0,391,391,1,You,You
1964,0,391,391,2,don't,don't
1965,0,391,391,3,know,know
1966,0,391,391,4,how,how
1967,0,391,391,5,to,to
1968,0,391,391,6,do,do
1969,0,391,391,7,this,this
1970,0,391,391,8,one,one
1971,0,391,391,9, ,?
1972,0,392,392,0, ,...
1973,0,392,392,1,So,So
1974,0,392,392,2,we,we
1975,0,392,392,3,in,in
1976,0,392,392,4,trouble,trouble
1977,0,392,392,5, ,.
1978,0,393,393,0, ,...
1979,0,393,393,1,Well,Well
1980,0,393,393,2,you,you
1981,0,393,393,3,apparently,apparently
1982,0,393,393,4,knew,knew
1983,0,393,393,5,how,how
1984,0,393,393,6,to,to
1985,0,393,393,7,do,do
1986,0,393,393,8,it,it
1987,0,393,393,9, ,.
1988,0,394,394,0, ,..
1989,0,394,394,1,Did,Did
1990,0,394,394,2,I,I
1991,0,394,394,3,get,get
1992,0,394,394,4,it,it
1993,0,394,394,5,right,right
1994,0,394,394,6, ,?
1995,0,395,395,0, ,...
1996,0,395,395,1,Well,Well
1997,0,395,395,2,you,you
1998,0,395,395,3,didn't,didn't
1999,0,395,395,4, ,..
2000,0,395,395,5,get,get
2001,0,395,395,6,the,the
2002,0,395,395,7,whole,whole
2003,0,395,395,8,thing,thing
2004,0,395,395,9,right,right
2005,0,395,395,10, ,.
2006,0,396,396,0, ,..
2007,0,396,396,1, ,@@[@
2008,0,396,396,2, ,|
2009,0,396,396,3, ,|##]
2010,0,397,397,0, ,[
2011,0,398,398,0,But,|But
2012,0,398,398,1,you,"|you],"
2013,0,398,398,2, ,"-,"
2014,0,399,399,0,Well,Well
2015,0,399,399,1,you,you
2016,0,399,399,2,just,just
2017,0,399,399,3,missed,missed
2018,0,399,399,4,one,one
2019,0,399,399,5,part,part
2020,0,399,399,6,of,of
2021,0,399,399,7,it,it
2022,0,399,399,8, ,.
2023,0,400,400,0, ,...
2024,0,400,400,1,So,So
2025,0,400,400,2,what's,what's
2026,0,400,400,3,that,that
2027,0,400,400,4,problem,p:roblem
2028,0,400,400,5, ,.
2029,0,401,401,0, ,...
2030,0,401,401,1,Um,Um
2031,0,401,401,2, ,","
2032,0,402,402,0, ,...
2033,0,402,402,1,absolute,absolute
2034,0,402,402,2,value,value
2035,0,402,402,3, ,","
2036,0,403,403,0, ,...
2037,0,403,403,1,Okay,Okay
2038,0,403,403,2, ,.
2039,0,404,404,0, ,..
2040,0,404,404,1,of,of
2041,0,404,404,2, ,..
2042,0,404,404,3,onehalf,"onehalf,"
2043,0,404,404,4, ,"-,"
2044,0,405,405,0, ,...
2045,0,405,405,1,minus,minus
2046,0,405,405,2,ex,ex
2047,0,405,405,3,over,over
2048,0,405,405,4,three,three
2049,0,405,405,5, ,.
2050,0,406,406,0, ,...
2051,0,406,406,1,WHISTLE,{WHISTLE}
2052,0,407,407,0, ,...
2053,0,407,407,1,Ex,Ex
2054,0,407,407,2,over,over
2055,0,407,407,3,three,three
2056,0,407,407,4, ,","
2057,0,408,408,0, ,...
2058,0,408,408,1,oops,oops
2059,0,408,408,2, ,.
2060,0,409,409,0, ,...
2061,0,409,409,1,Okay,Okay
2062,0,409,409,2, ,.
2063,0,410,410,0, ,...
2064,0,410,410,1,is,is
2065,0,410,410,2,less,less
2066,0,410,410,3, ,","
2067,0,411,411,0, ,..
2068,0,411,411,1,I,I
2069,0,411,411,2,mean,mean
2070,0,411,411,3,is,is
2071,0,411,411,4,greater,greater
2072,0,411,411,5,than,than
2073,0,411,411,6,or,or
2074,0,411,411,7,equal,equal
2075,0,411,411,8,to,to
2076,0,411,411,9, ,","
2077,0,412,412,0, ,...
2078,0,412,412,1,twothirds,twothirds.
2079,0,412,412,2, ,-.
2080,0,413,413,0, ,...
2081,0,413,413,1,Just,Just
2082,0,413,413,2, ,..
2083,0,413,413,3,plain,plain
2084,0,413,413,4,old,old
2085,0,413,413,5, ,..
2086,0,413,413,6,twothirds,twothirds?
2087,0,413,413,7, ,-?
2088,0,414,414,0,Mhm,Mhm
2089,0,414,414,1, ,.
2090,0,415,415,0, ,...
2091,0,415,415,1,How,How
2092,0,415,415,2,do,do
2093,0,415,415,3,you,you
2094,0,415,415,4,get,get
2095,0,415,415,5,rid,rid
2096,0,415,415,6,of,of
2097,0,415,415,7,the,the
2098,0,415,415,8,absolute,absolute
2099,0,415,415,9,value,value
2100,0,415,415,10,things,things
2101,0,415,415,11, ,?
2102,0,416,416,0, ,...
2103,0,416,416,1,Don't,[Don't]
2104,0,416,416,2,you,you
2105,0,416,416,3, ,","
2106,0,417,417,0,I,[#%I
2107,0,417,417,1,don't,|#don't]
2108,0,417,417,2, ,--
2109,0,418,418,0, ,...
2110,0,418,418,1,You,You
2111,0,418,418,2,put,put
2112,0,418,418,3, ,","
2113,0,419,419,0, ,..
2114,0,419,419,1,is,is
2115,0,419,419,2,less,less
2116,0,419,419,3,than,than
2117,0,419,419,4,or,or
2118,0,419,419,5,equal,equal:
2119,0,419,419,6,to,to
2120,0,419,419,7,twothirds,twothirds.
2121,0,419,419,8, ,-.
2122,0,420,420,0, ,...
2123,0,420,420,1,Or,Or
2124,0,420,420,2,is,is
2125,0,420,420,3,greater,greater
2126,0,420,420,4,than,tha:n
2127,0,420,420,5, ,","
2128,0,421,421,0, ,...
2129,0,421,421,1,I,I
2130,0,421,421,2,mean,mean
2131,0,421,421,3, ,","
2132,0,422,422,0, ,..
2133,0,422,422,1,is,is
2134,0,422,422,2,greater,greater
2135,0,422,422,3,than,than
2136,0,422,422,4,or,or
2137,0,422,422,5,equal,equal
2138,0,422,422,6,to,to
2139,0,422,422,7, ,..
2140,0,422,422,8,twothirds,"twothirds,"
2141,0,422,422,9, ,"-,"
2142,0,423,423,0, ,...
2143,0,423,423,1,and,and
2144,0,423,423,2,then,then
2145,0,423,423,3, ,","
2146,0,424,424,0, ,...
2147,0,424,424,1,don't,don't
2148,0,424,424,2,you,you
2149,0,424,424,3,have,have
2150,0,424,424,4,like,like
2151,0,424,424,5, ,","
2152,0,425,425,0, ,..
2153,0,425,425,1,i,i-
2154,0,425,425,2,or,or
2155,0,425,425,3,is,is
2156,0,425,425,4,less,less
2157,0,425,425,5,than,than
2158,0,425,425,6, ,","
2159,0,426,426,0, ,...
2160,0,426,426,1,and,a:nd
2161,0,426,426,2,is,is
2162,0,426,426,3,less,less
2163,0,426,426,4,than,than
2164,0,426,426,5,or,or
2165,0,426,426,6,equal,equal
2166,0,426,426,7,to,to
2167,0,426,426,8, ,","
2168,0,427,427,0, ,...
2169,0,427,427,1,negative,negative
2170,0,427,427,2,two,two
2171,0,427,427,3,thirds,thirds
2172,0,427,427,4, ,?
2173,0,428,428,0, ,...
2174,0,428,428,1,What,Wh:at
2175,0,428,428,2, ,?
2176,0,429,429,0, ,...
2177,0,429,429,1,Can,Can
2178,0,429,429,2,I,I
2179,0,429,429,3,see,see
2180,0,429,429,4,what,what
2181,0,429,429,5,I,I
2182,0,429,429,6,did,did
2183,0,429,429,7, ,.
2184,0,430,430,0, ,...
2185,0,430,430,1,Yeah,Yeah
2186,0,430,430,2, ,.
2187,0,431,431,0,But,But
2188,0,431,431,1,when,when
2189,0,431,431,2,you,you
2190,0,431,431,3, ,--
2191,0,432,432,0, ,..
2192,0,432,432,1,when,when
2193,0,432,432,2,you,you
2194,0,432,432,3,have,have
2195,0,432,432,4,absolute,absolute
2196,0,432,432,5,value,value:
2197,0,432,432,6, ,","
2198,0,433,433,0, ,...
2199,0,433,433,1,when,when
2200,0,433,433,2,you,you
2201,0,433,433,3,take,take
2202,0,433,433,4,the,the
2203,0,433,433,5,absolute,absolute
2204,0,433,433,6,value,value
2205,0,433,433,7,off,off
2206,0,433,433,8, ,","
2207,0,434,434,0,and,and
2208,0,434,434,1,you,you
2209,0,434,434,2,put,put
2210,0,434,434,3,negative,negative
2211,0,434,434,4,twothirds,two-thirds
2212,0,434,434,5, ,..
2213,0,434,434,6,on,on
2214,0,434,434,7,this,this
2215,0,434,434,8,side,side
2216,0,434,434,9, ,","
2217,0,435,435,0,too,too:
2218,0,435,435,1, ,","
2219,0,436,436,0, ,...
2220,0,436,436,1,First,First
2221,0,436,436,2,I'll,I'll
2222,0,436,436,3,just,just
2223,0,436,436,4,get,get
2224,0,436,436,5,a,a
2225,0,436,436,6,common,common
2226,0,436,436,7,denominator,denominator
2227,0,436,436,8, ,.
2228,0,437,437,0, ,...
2229,0,437,437,1,So,So
2230,0,437,437,2,I,I
2231,0,437,437,3,can,can
2232,0,437,437,4,do,do
2233,0,437,437,5,that,that
2234,0,437,437,6, ,.
2235,0,438,438,0,You,You
2236,0,438,438,1,can't,can't
2237,0,438,438,2,do,[do
2238,0,438,438,3,it,|it]
2239,0,438,438,4,when,when
2240,0,438,438,5,it's,it's
2241,0,438,438,6,in,in
2242,0,438,438,7,the,the
2243,0,438,438,8, ,..
2244,0,438,438,9,absolute,absolute
2245,0,438,438,10,value,value
2246,0,438,438,11, ,","
2247,0,439,439,0, ,[##]
2248,0,440,440,0,though,though
2249,0,440,440,1, ,.
2250,0,441,441,0, ,...
2251,0,441,441,1,Well,Well
2252,0,441,441,2,I,I
2253,0,441,441,3,did,did
2254,0,441,441,4, ,..
2255,0,441,441,5,right,right
2256,0,441,441,6,there,there
2257,0,441,441,7, ,.
2258,0,442,442,0, ,...
2259,0,442,442,1,Is,Is
2260,0,442,442,2,that,that
2261,0,442,442,3,why,why
2262,0,442,442,4,I,I
2263,0,442,442,5,missed,missed
2264,0,442,442,6,it,it
2265,0,442,442,7, ,?
2266,0,443,443,0, ,...
2267,0,443,443,1,But,But
2268,0,443,443,2,see,see
2269,0,443,443,3,if,if
2270,0,443,443,4,you,you
2271,0,443,443,5,wanna,wanna
2272,0,443,443,6,do,do
2273,0,443,443,7,that,that
2274,0,443,443,8, ,","
2275,0,444,444,0,then,then
2276,0,444,444,1,at,at
2277,0,444,444,2,first,first
2278,0,444,444,3,you,[you
2279,0,444,444,4,bring,|bring]
2280,0,444,444,5, ,","
2281,0,445,445,0, ,[
2282,0,445,445,1,So,|So]
2283,0,445,445,2,I,I
2284,0,445,445,3,only,only
2285,0,445,445,4,did,did
2286,0,445,445,5,one,one
2287,0,445,445,6,part,part
2288,0,445,445,7,of,of
2289,0,445,445,8,it,it
2290,0,445,445,9,in,[2in
2291,0,445,445,10,other,|2other
2292,0,445,445,11,words,|2words]
2293,0,445,445,12, ,.
2294,0,446,446,0,Mhm,[2Mhm]
2295,0,446,446,1, ,.
2296,0,447,447,0, ,...
2297,0,447,447,1,Just,Just
2298,0,447,447,2,bring,bring
2299,0,447,447,3,nega,nega-
2300,0,447,447,4, ,--
2301,0,448,448,0, ,..
2302,0,448,448,1,Just,Just
2303,0,448,448,2,bring,bring
2304,0,448,448,3,twothirds,"twothirds,"
2305,0,448,448,4, ,"-,"
2306,0,449,449,0, ,...
2307,0,449,449,1,over,over
2308,0,449,449,2,to,to
2309,0,449,449,3,the,the
2310,0,449,449,4,other,other
2311,0,449,449,5,side,side
2312,0,449,449,6, ,.
2313,0,450,450,0,Negative,Negative
2314,0,450,450,1,twothirds,"twothirds,"
2315,0,450,450,2, ,"-,"
2316,0,451,451,0,over,over
2317,0,451,451,1,to,to
2318,0,451,451,2,the,the
2319,0,451,451,3,other,other
2320,0,451,451,4,side,side
2321,0,451,451,5, ,.
2322,0,452,452,0, ,...
2323,0,452,452,1,And,And
2324,0,452,452,2,make,make
2325,0,452,452,3,it,it
2326,0,452,452,4,equal,equal
2327,0,452,452,5,to,to
2328,0,452,452,6,zero,zero
2329,0,452,452,7, ,?
2330,0,453,453,0, ,...
2331,0,453,453,1,No,No
2332,0,453,453,2, ,.
2333,0,454,454,0,No,No
2334,0,454,454,1,keep,keep
2335,0,454,454,2,that,that
2336,0,454,454,3,there,there
2337,0,454,454,4, ,","
2338,0,455,455,0, ,..
2339,0,455,455,1,But,But
2340,0,455,455,2,then,then
2341,0,455,455,3,have,have
2342,0,455,455,4, ,","
2343,0,456,456,0,Another,Another
2344,0,456,456,1,one,one
2345,0,456,456,2,over,over
2346,0,456,456,3,there,there
2347,0,456,456,4, ,?
2348,0,457,457,0,Yeah,Yeah
2349,0,457,457,1, ,","
2350,0,458,458,0,have,have
2351,0,458,458,1, ,","
2352,0,459,459,0, ,...
2353,0,459,459,1,is,is
2354,0,459,459,2, ,..
2355,0,459,459,3,less,less
2356,0,459,459,4,than,than
2357,0,459,459,5,or,or
2358,0,459,459,6,equal,equal
2359,0,459,459,7,to,to
2360,0,459,459,8, ,","
2361,0,460,460,0, ,..
2362,0,460,460,1,negative,negative
2363,0,460,460,2,two,two
2364,0,460,460,3, ,...
2365,0,460,460,4,thirds,thirds
2366,0,460,460,5, ,.
2367,0,461,461,0, ,...
2368,0,461,461,1,And,And
2369,0,461,461,2,that's,that's
2370,0,461,461,3,not,not
2371,0,461,461,4,absolute,absolute
2372,0,461,461,5,value,value
2373,0,461,461,6,anymore,anymore
2374,0,461,461,7, ,.
2375,0,462,462,0, ,...
2376,0,462,462,1,Well,Well
2377,0,462,462,2,see,see:
2378,0,462,462,3, ,","
2379,0,463,463,0, ,...
2380,0,463,463,1,we've,we've
2381,0,463,463,2,never,never
2382,0,463,463,3,done,done
2383,0,463,463,4,it,it
2384,0,463,463,5,like,like
2385,0,463,463,6,that,that
2386,0,463,463,7, ,.
2387,0,464,464,0, ,@@@
2388,0,465,465,0, ,...
2389,0,465,465,1,Let,Let
2390,0,465,465,2,me,me
2391,0,465,465,3,see,see
2392,0,465,465,4, ,.
2393,0,466,466,0, ,...
2394,0,466,466,1,If,If
2395,0,466,466,2,that's,that's
2396,0,466,466,3,how,how
2397,0,466,466,4,you,you
2398,0,466,466,5,do,do
2399,0,466,466,6,it,it
2400,0,466,466,7, ,.
2401,0,467,467,0, ,...
2402,0,467,467,1,I,I
2403,0,467,467,2,mean,mean
2404,0,467,467,3,I'm,I'm
2405,0,467,467,4,sure,sure
2406,0,467,467,5,you,you
2407,0,467,467,6,probably,probably
2408,0,467,467,7,can,can
2409,0,467,467,8,do,do
2410,0,467,467,9,it,it
2411,0,467,467,10,that,that
2412,0,467,467,11,way,[way:]
2413,0,467,467,12, ,.
2414,0,468,468,0,I,[I
2415,0,468,468,1,don't,|don't
2416,0,468,468,2,know,|know:]
2417,0,468,468,3, ,","
2418,0,469,469,0,if,if
2419,0,469,469,1,that's,that's
2420,0,469,469,2,how,how
2421,0,469,469,3,you,you
2422,0,469,469,4,do,do
2423,0,469,469,5,it,it
2424,0,469,469,6,or,or
2425,0,469,469,7,not,not
2426,0,469,469,8, ,.
2427,0,470,470,0, ,...
2428,0,470,470,1,Cause,Cause
2429,0,470,470,2, ,","
2430,0,471,471,0,I,I
2431,0,471,471,1,haven't,haven't
2432,0,471,471,2,done,done
2433,0,471,471,3,this,this
2434,0,471,471,4, ,","
2435,0,472,472,0, ,...
2436,0,472,472,1,in,in
2437,0,472,472,2,probably,probably
2438,0,472,472,3,about,about
2439,0,472,472,4,as,as
2440,0,472,472,5,long,long
2441,0,472,472,6,as,as
2442,0,472,472,7,you,you
2443,0,472,472,8,have,have
2444,0,472,472,9, ,.
2445,0,473,473,0, ,..
2446,0,473,473,1,Oops,Oops
2447,0,473,473,2, ,.
2448,0,474,474,0, ,...
2449,0,474,474,1, ,...
2450,0,474,474,2,God,God
2451,0,474,474,3, ,.
2452,0,475,475,0, ,...
2453,0,475,475,1,It's,It's
2454,0,475,475,2,my,my
2455,0,475,475,3,own,own
2456,0,475,475,4,fault,fault
2457,0,475,475,5, ,","
2458,0,476,476,0,I,I
2459,0,476,476,1,shouldn't,shouldn't
2460,0,476,476,2,have,have
2461,0,476,476,3,waited,waited
2462,0,476,476,4, ,.
2463,0,477,477,0, ,...
2464,0,477,477,1,so,so
2465,0,477,477,2,long,long
2466,0,477,477,3,to,to
2467,0,477,477,4,get,get
2468,0,477,477,5,math,math
2469,0,477,477,6,over,over
2470,0,477,477,7,with,with
2471,0,477,477,8, ,.
2472,0,478,478,0, ,...
2473,0,478,478,1,I,I
2474,0,478,478,2,should've,should've
2475,0,478,478,3,got,g:ot
2476,0,478,478,4,it,it
2477,0,478,478,5,over,over
2478,0,478,478,6,with,with
2479,0,478,478,7,right,right
2480,0,478,478,8,out,out
2481,0,478,478,9, ,","
2482,0,479,479,0,right,right
2483,0,479,479,1,out,out
2484,0,479,479,2,of,of
2485,0,479,479,3,high,high
2486,0,479,479,4,school,school
2487,0,479,479,5, ,.
2488,0,480,480,0, ,...
2489,0,481,481,0,SIP,{SIP}
2490,0,482,482,0,Oo,Oo[:]
2491,0,482,482,1, ,.
2492,0,483,483,0, ,[]
2493,0,484,484,0, ,...
2494,0,484,484,1,A,A
2495,0,484,484,2,bug,bu:g
2496,0,484,484,3, ,.
2497,0,485,485,0, ,...
2498,0,485,485,1,Hey,Hey
2499,0,485,485,2,Leah,Le:ah
2500,0,485,485,3, ,.
2501,0,486,486,0, ,...
2502,0,486,486,1, ,...
2503,0,486,486,2,She,She
2504,0,486,486,3,looks,looks
2505,0,486,486,4,so,so
2506,0,486,486,5,tired,ti:red
2507,0,486,486,6, ,","
2508,0,487,487,0, ,...
2509,0,487,487,1,I,I
2510,0,487,487,2,know,know
2511,0,487,487,3, ,.
2512,0,488,488,0, ,...
2513,0,488,488,1,She's,She's
2514,0,488,488,2,eating,eating
2515,0,488,488,3,that,that
2516,0,488,488,4,bug,bu:g
2517,0,488,488,5, ,.
2518,0,489,489,0, ,...
2519,0,489,489,1, ,@@@@@
2520,0,489,489,2, ,@
2521,0,490,490,0, ,...
2522,0,490,490,1,Is,[Is
2523,0,490,490,2,that,|that
2524,0,490,490,3,what,|what
2525,0,490,490,4,she's,|she's]
2526,0,490,490,5,doing,doing
2527,0,490,490,6, ,?
2528,0,491,491,0,Yuck,[Yuck]
2529,0,491,491,1, ,.
2530,0,492,492,0, ,...
2531,0,492,492,1,I,I
2532,0,492,492,2,guess,guess
2533,0,492,492,3, ,.
2534,0,493,493,0, ,...
2535,0,493,493,1,Yeah,Yeah
2536,0,493,493,2, ,","
2537,0,494,494,0,that's,that's
2538,0,494,494,1,how,how
2539,0,494,494,2,you,you
2540,0,494,494,3,do,do
2541,0,494,494,4,it,it
2542,0,494,494,5, ,.
2543,0,495,495,0, ,...
2544,0,495,495,1,You,You
2545,0,495,495,2,can,can
2546,0,495,495,3,do,do
2547,0,495,495,4,it,it
2548,0,495,495,5,that,that
2549,0,495,495,6,way,way
2550,0,495,495,7, ,?
2551,0,496,496,0, ,..
2552,0,496,496,1,Mhm,Mhm
2553,0,496,496,2, ,.
2554,0,497,497,0, ,...
2555,0,497,497,1,Let,Let
2556,0,497,497,2,me,me
2557,0,497,497,3,see,see
2558,0,497,497,4,the,the
2559,0,497,497,5,pencil,pencil
2560,0,497,497,6, ,.
2561,0,498,498,0, ,...
2562,0,498,498,1,But,But
2563,0,498,498,2,then,then
2564,0,498,498,3, ,","
2565,0,499,499,0,I,I
2566,0,499,499,1,didn't,didn't
2567,0,499,499,2,get,get
2568,0,499,499,3,what,what
2569,0,499,499,4,she,she
2570,0,499,499,5,got,got
2571,0,499,499,6, ,.
2572,0,500,500,0, ,...
2573,0,500,500,1,I,I
2574,0,500,500,2,guess,guess
2575,0,500,500,3,she,she
2576,0,500,500,4, ,--
2577,0,501,501,0,Yeah,Yeah
2578,0,501,501,1, ,","
2579,0,502,502,0,you,you
2580,0,502,502,1,can,can
2581,0,502,502,2,put,#put
2582,0,502,502,3,it,#it
2583,0,502,502,4,so,so
2584,0,502,502,5, ,.
2585,0,503,503,0, ,...
2586,0,503,503,1,square,#square
2587,0,503,503,2,root,#root
2588,0,503,503,3,of,#of
2589,0,503,503,4,that,#that
2590,0,503,503,5, ,--
2591,0,504,504,0, ,..
2592,0,504,504,1,Oh,Oh
2593,0,504,504,2,no,no
2594,0,504,504,3, ,","
2595,0,505,505,0,it's,it's
2596,0,505,505,1,not,not
2597,0,505,505,2,gonna,gonna
2598,0,505,505,3,work,work
2599,0,505,505,4,that,that
2600,0,505,505,5,way,way
2601,0,505,505,6, ,.
2602,0,506,506,0,You,You
2603,0,506,506,1,don't,don't
2604,0,506,506,2,have,have
2605,0,506,506,3,it,it
2606,0,506,506,4,in,in
2607,0,506,506,5,the,the
2608,0,506,506,6,middle,middle
2609,0,506,506,7, ,.
2610,0,507,507,0, ,..
2611,0,507,507,1,See,See
2612,0,507,507,2,I,I
2613,0,507,507,3,put,put
2614,0,507,507,4,it,it
2615,0,507,507,5,in,in
2616,0,507,507,6,the,the
2617,0,507,507,7,middle,middle
2618,0,507,507,8, ,?
2619,0,508,508,0, ,..
2620,0,508,508,1,Seven,Seven
2621,0,508,508,2, ,..
2622,0,508,508,3,halves,halves
2623,0,508,508,4, ,","
2624,0,509,509,0,is,is
2625,0,509,509,1,greater,greater
2626,0,509,509,2,than,than
2627,0,509,509,3,or,or
2628,0,509,509,4,equal,equal
2629,0,509,509,5,to,to-
2630,0,509,509,6, ,--
2631,0,510,510,0,But,But
2632,0,510,510,1,you,you
2633,0,510,510,2,can't,can't
2634,0,510,510,3,put,put
2635,0,510,510,4,it,it
2636,0,510,510,5,in,in
2637,0,510,510,6,the,the
2638,0,510,510,7,middle,middle
2639,0,510,510,8, ,","
2640,0,511,511,0,cause,cause
2641,0,511,511,1,if,if
2642,0,511,511,2,it's,it's
2643,0,511,511,3, ,..
2644,0,511,511,4,gonna,gonna
2645,0,511,511,5,be,be
2646,0,511,511,6,g,g-
2647,0,511,511,7, ,--
2648,0,512,512,0, ,...
2649,0,512,512,1,Yeah,Yeah
2650,0,512,512,2,if,if
2651,0,512,512,3,it's,it's
2652,0,512,512,4,gonna,gonna
2653,0,512,512,5,be,be
2654,0,512,512,6,greater,greater
2655,0,512,512,7,than,than
2656,0,512,512,8,that,that
2657,0,512,512,9, ,","
2658,0,513,513,0,then,then
2659,0,513,513,1,it's,it's
2660,0,513,513,2,not,not
2661,0,513,513,3,gonna,gonna
2662,0,513,513,4,be,be
2663,0,513,513,5,less,less:
2664,0,513,513,6,than,than
2665,0,513,513,7,that,that
2666,0,513,513,8, ,.
2667,0,514,514,0, ,...
2668,0,514,514,1,Well,Well
2669,0,514,514,2,I,I
2670,0,514,514,3,guess,guess
2671,0,514,514,4,it,it
2672,0,514,514,5,can,can
2673,0,514,514,6, ,.
2674,0,515,515,0, ,...
2675,0,515,515,1, ,..
2676,0,515,515,2,God,God
2677,0,515,515,3, ,.
2678,0,516,516,0, ,...
2679,0,516,516,1,So,So
2680,0,516,516,2,one,one
2681,0,516,516,3,way,way
2682,0,516,516,4,I,I
2683,0,516,516,5,could,[could
2684,0,516,516,6,do,|do
2685,0,516,516,7,it,|it
2686,0,516,516,8, ,|]
2687,0,516,516,9, ,.
2688,0,517,517,0, ,[
2689,0,517,517,1,Well,|Well
2690,0,517,517,2,s,|s-
2691,0,517,517,3, ,--
2692,0,518,518,0, ,|..
2693,0,518,518,1,No,|No:]
2694,0,518,518,2, ,.
2695,0,519,519,0,Wait,Wait
2696,0,519,519,1,a,a
2697,0,519,519,2,minute,minute
2698,0,519,519,3,now,now
2699,0,519,519,4, ,.
2700,0,520,520,0,See,See
2701,0,520,520,1, ,","
2702,0,521,521,0,l,l-
2703,0,521,521,1,look,look
2704,0,521,521,2,what,what
2705,0,521,521,3,she,she
2706,0,521,521,4,did,di:d
2707,0,521,521,5, ,.
2708,0,522,522,0, ,...
2709,0,522,522,1,She,She
2710,0,522,522,2,um,u:m
2711,0,522,522,3, ,","
2712,0,523,523,0, ,...
2713,0,523,523,1,flipped,flipped
2714,0,523,523,2,that,that
2715,0,523,523,3,sign,sign
2716,0,523,523,4,over,over
2717,0,523,523,5, ,.
2718,0,524,524,0, ,...
2719,0,524,524,1,But,#But
2720,0,524,524,2, ,","
2721,0,525,525,0, ,..
2722,0,525,525,1,uh,uh
2723,0,525,525,2, ,","
2724,0,526,526,0, ,...
2725,0,526,526,1,when,when
2726,0,526,526,2,she,she-
2727,0,526,526,3,you,%you
2728,0,526,526,4,divide,divide
2729,0,526,526,5,by,by
2730,0,526,526,6,negative,negative
2731,0,526,526,7,two,two
2732,0,526,526,8, ,","
2733,0,527,527,0,you,you
2734,0,527,527,1,have,have
2735,0,527,527,2,to,to
2736,0,527,527,3,flip,flip
2737,0,527,527,4,all,all
2738,0,527,527,5,the,the
2739,0,527,527,6,signs,signs
2740,0,527,527,7,over,over
2741,0,527,527,8, ,.
2742,0,528,528,0, ,...
2743,0,528,528,1,which,which
2744,0,528,528,2,you,you
2745,0,528,528,3,k,k-
2746,0,528,528,4,did,did
2747,0,528,528,5, ,.
2748,0,529,529,0, ,..
2749,0,529,529,1,Yeah,Yeah
2750,0,529,529,2, ,","
2751,0,530,530,0,cause,cause
2752,0,530,530,1,you,you
2753,0,530,530,2,got,got
2754,0,530,530,3,that,that
2755,0,530,530,4,right,right
2756,0,530,530,5, ,","
2757,0,531,531,0, ,..
2758,0,531,531,1,it's,[it's
2759,0,531,531,2,right,|right
2760,0,531,531,3,here,|here]
2761,0,531,531,4, ,.
2762,0,532,532,0, ,[]
2763,0,532,532,1,Oh,Oh
2764,0,532,532,2,gosh,go:sh
2765,0,532,532,3, ,.
2766,0,533,533,0, ,..
2767,0,533,533,1,You,You
2768,0,533,533,2,know,know
2769,0,533,533,3,what,what
2770,0,533,533,4, ,","
2771,0,534,534,0, ,..
2772,0,534,534,1,I'm,I'm
2773,0,534,534,2,just,just
2774,0,534,534,3,gonna,gonna
2775,0,534,534,4,skip,skip
2776,0,534,534,5,this,this
2777,0,534,534,6,one,one
2778,0,534,534,7, ,.
2779,0,535,535,0, ,...
2780,0,535,535,1,No,No
2781,0,535,535,2,you're,you're
2782,0,535,535,3,not,not
2783,0,535,535,4, ,","
2784,0,536,536,0, ,..
2785,0,536,536,1,you're,you're
2786,0,536,536,2,gonna,gonna
2787,0,536,536,3,do,do
2788,0,536,536,4,it,it
2789,0,536,536,5, ,.
2790,0,537,537,0, ,...
2791,0,537,537,1,Now,Now
2792,0,537,537,2, ,.
2793,0,538,538,0, ,...
2794,0,538,538,1,So,So
2795,0,538,538,2,I,I
2796,0,538,538,3,can't,can't
2797,0,538,538,4,start,start
2798,0,538,538,5,by,by
2799,0,538,538,6,d,d-
2800,0,538,538,7, ,--
2801,0,539,539,0, ,...
2802,0,539,539,1,Unhunh,Unhunh.
2803,0,539,539,2, ,-.
2804,0,540,540,0, ,..
2805,0,540,540,1,Not,Not
2806,0,540,540,2,finding,finding
2807,0,540,540,3,a,a
2808,0,540,540,4,common,common
2809,0,540,540,5,denominator,denominator
2810,0,540,540,6, ,.
2811,0,541,541,0,You,You
2812,0,541,541,1,have,have
2813,0,541,541,2,to,to
2814,0,541,541,3,ha,ha-
2815,0,541,541,4,bring,bring
2816,0,541,541,5, ,","
2817,0,542,542,0,Well,Well
2818,0,542,542,1,I,I
2819,0,542,542,2,can,can
2820,0,542,542,3,do,do
2821,0,542,542,4, ,--
2822,0,543,543,0,find,find
2823,0,543,543,1,one,one
2824,0,543,543,2,side,side
2825,0,543,543,3,by,by
2826,0,543,543,4,doing,doing
2827,0,543,543,5,that,that
2828,0,543,543,6, ,","
2829,0,544,544,0,can't,can't
2830,0,544,544,1,I,I
2831,0,544,544,2, ,?
2832,0,545,545,0, ,...
2833,0,545,545,1,Yeah,Yeah
2834,0,545,545,2,but,but
2835,0,545,545,3, ,","
2836,0,546,546,0,why,why
2837,0,546,546,1,don't,don't
2838,0,546,546,2,you,you
2839,0,546,546,3,p,p-
2840,0,546,546,4, ,..
2841,0,546,546,5,just,just
2842,0,546,546,6,put,put
2843,0,546,546,7,the,the
2844,0,546,546,8,other,other
2845,0,546,546,9, ,--
2846,0,547,547,0, ,...
2847,0,547,547,1,put,put
2848,0,547,547,2, ,--
2849,0,548,548,0, ,..
2850,0,548,548,1,once,once
2851,0,548,548,2,you,you
2852,0,548,548,3,have,have
2853,0,548,548,4,negative,n:egative
2854,0,548,548,5,twothirds,two-thirds
2855,0,548,548,6,on,on
2856,0,548,548,7,the,the
2857,0,548,548,8,other,other
2858,0,548,548,9,side,side
2859,0,548,548,10, ,","
2860,0,549,549,0,then,then
2861,0,549,549,1,you,you
2862,0,549,549,2,can,can
2863,0,549,549,3,find,find
2864,0,549,549,4,a,a
2865,0,549,549,5,common,common
2866,0,549,549,6,denom,denom-
2867,0,549,549,7,f,f-
2868,0,549,549,8,na,na-
2869,0,549,549,9, ,--
2870,0,550,550,0,buh,buh
2871,0,550,550,1,buh,buh
2872,0,550,550,2,buh,buh
2873,0,550,550,3,buh,buh
2874,0,550,550,4, ,","
2875,0,551,551,0, ,...
2876,0,551,551,1,common,common
2877,0,551,551,2,denominator,denominator
2878,0,551,551,3,for,for
2879,0,551,551,4,the,the
2880,0,551,551,5,whole,whole
2881,0,551,551,6,thing,thing
2882,0,551,551,7, ,","
2883,0,552,552,0,and,and
2884,0,552,552,1,it's,it's
2885,0,552,552,2,gonna,gonna
2886,0,552,552,3,be,be
2887,0,552,552,4,the,the
2888,0,552,552,5,same,same
2889,0,552,552,6, ,...
2890,0,552,552,7,denominator,denominat[or]
2891,0,552,552,8, ,.
2892,0,553,553,0,Well,[Well]
2893,0,553,553,1,what's,what's
2894,0,553,553,2,the,the
2895,0,553,553,3,common,common
2896,0,553,553,4,denominator,denominator
2897,0,553,553,5,of,of
2898,0,553,553,6,bluh,bluh
2899,0,553,553,7,bluh,bluh
2900,0,553,553,8,bluh,bluh
2901,0,553,553,9,bluh,bluh
2902,0,553,553,10,bluh,[2bluh
2903,0,553,553,11,bluh,|2bluh
2904,0,553,553,12,bluh,|2bluh:
2905,0,553,553,13, ,.
2906,0,554,554,0, ,[2@@@@
2907,0,555,555,0, ,|2
2908,0,555,555,1, ,|2@@@@@@
2909,0,555,555,2, ,|22]
2910,0,556,556,0, ,|2
2911,0,556,556,1, ,|2@@@
2912,0,556,556,2, ,|2
2913,0,556,556,3,I,|2I
2914,0,556,556,4,didn't,|2didn't
2915,0,556,556,5,mean,|2mean2]
2916,0,556,556,6,that,tha:t
2917,0,556,556,7, ,.
2918,0,557,557,0, ,...
2919,0,557,557,1,I,[3I
2920,0,557,557,2,meant,|3meant]
2921,0,557,557,3,once,once
2922,0,557,557,4,you,you
2923,0,557,557,5,bring,bring
2924,0,557,557,6,it,[4it
2925,0,557,557,7,over,|4over
2926,0,557,557,8,there,|4there]
2927,0,557,557,9, ,.
2928,0,558,558,0, ,[3]
2929,0,559,559,0,I,[4I
2930,0,559,559,1,know,|4know
2931,0,559,559,2,what,|4what
2932,0,559,559,3,you,|4you]
2933,0,559,559,4,meant,meant
2934,0,559,559,5, ,.
2935,0,560,560,0, ,...
2936,0,560,560,1,I,I
2937,0,560,560,2,don't,don't
2938,0,560,560,3,ever,ever
2939,0,560,560,4,remember,remember
2940,0,560,560,5,us,us
2941,0,560,560,6,doing,doing
2942,0,560,560,7,anything,anything
2943,0,560,560,8,like,like
2944,0,560,560,9,that,that
2945,0,560,560,10,though,though
2946,0,560,560,11, ,.
2947,0,561,561,0,Well,Well
2948,0,561,561,1,add,add
2949,0,561,561,2,it,it
2950,0,561,561,3,onto,onto
2951,0,561,561,4,the,the
2952,0,561,561,5,other,other
2953,0,561,561,6,side,side
2954,0,561,561,7, ,.
2955,0,562,562,0, ,..
2956,0,562,562,1,There's,There's
2957,0,562,562,2,like,like
2958,0,562,562,3,a,a
2959,0,562,562,4,way,way
2960,0,562,562,5,you,you
2961,0,562,562,6,always,always
2962,0,562,562,7,can,can
2963,0,562,562,8,get,get
2964,0,562,562,9,rid,rid
2965,0,562,562,10,of,of
2966,0,562,562,11,those,those
2967,0,562,562,12,absolute,absolute
2968,0,562,562,13,value,value
2969,0,562,562,14,bars,bars
2970,0,562,562,15, ,.
2971,0,563,563,0, ,...
2972,0,563,563,1,in,in
2973,0,563,563,2,problems,problems
2974,0,563,563,3, ,","
2975,0,564,564,0,isn't,isn't
2976,0,564,564,1,there,there
2977,0,564,564,2, ,?
2978,0,565,565,0, ,...
2979,0,565,565,1,Hey,#Hey
2980,0,565,565,2, ,.
2981,0,566,566,0, ,...
2982,0,566,566,1,Can,Can
2983,0,566,566,2,I,I
2984,0,566,566,3,use,u:se
2985,0,566,566,4,some,some
2986,0,566,566,5,of,of
2987,0,566,566,6,this,this
2988,0,566,566,7, ,?
2989,0,567,567,0, ,...
2990,0,567,567,1,Oh,Oh
2991,0,567,567,2, ,.
2992,0,568,568,0,Yeah,Yeah
2993,0,568,568,1, ,.
2994,0,569,569,0, ,...
2995,0,569,569,1,Mm,%_Mm
2996,0,569,569,2, ,.
2997,0,570,570,0, ,..
2998,0,570,570,1,See,See
2999,0,570,570,2, ,","
3000,0,571,571,0, ,...
3001,0,571,571,1,yeah,yeah
3002,0,571,571,2, ,.
3003,0,572,572,0, ,..
3004,0,572,572,1,Here,Here
3005,0,572,572,2,it's,it's
3006,0,572,572,3,absolute,absolute
3007,0,572,572,4,values,values
3008,0,572,572,5, ,.
3009,0,573,573,0, ,...
3010,0,573,573,1,Right,Right
3011,0,573,573,2,here,here
3012,0,573,573,3, ,.
3013,0,574,574,0,And,And
3014,0,574,574,1,it's,it's
3015,0,574,574,2,doing,doing
3016,0,574,574,3,it,it
3017,0,574,574,4,the,the
3018,0,574,574,5,way,way
3019,0,574,574,6,that,that
3020,0,574,574,7,you,you
3021,0,574,574,8,were,were
3022,0,574,574,9,doing,doing
3023,0,574,574,10,it,it
3024,0,574,574,11, ,?
3025,0,575,575,0, ,...
3026,0,575,575,1,I'm,I'm
3027,0,575,575,2,trying,trying
3028,0,575,575,3,to,to
3029,0,575,575,4,find,find
3030,0,575,575,5,one,one
3031,0,575,575,6,like,l:ike
3032,0,575,575,7,that,tha:t
3033,0,575,575,8,one,@one
3034,0,575,575,9, ,.
3035,0,576,576,0, ,..
3036,0,576,576,1, ,@
3037,0,576,576,2,See,See
3038,0,576,576,3,that's,that's
3039,0,576,576,4,the,the
3040,0,576,576,5,problem,problem
3041,0,576,576,6, ,","
3042,0,577,577,0,there's,there's
3043,0,577,577,1,so,so
3044,0,577,577,2,many,many
3045,0,577,577,3,different,different
3046,0,577,577,4,types,ty:pes
3047,0,577,577,5, ,.
3048,0,578,578,0, ,...
3049,0,578,578,1,That,That
3050,0,578,578,2, ,","
3051,0,579,579,0, ,..
3052,0,579,579,1,I'm,I'm
3053,0,579,579,2,sitting,sitting
3054,0,579,579,3,here,here
3055,0,579,579,4,st,st-
3056,0,579,579,5,worrying,worrying
3057,0,579,579,6,about,about
3058,0,579,579,7,this,this
3059,0,579,579,8,one,one
3060,0,579,579,9,right,right
3061,0,579,579,10,here,here
3062,0,579,579,11, ,","
3063,0,580,580,0,and,and
3064,0,580,580,1,there,there
3065,0,580,580,2,probably,probably
3066,0,580,580,3,won't,won't
3067,0,580,580,4,even,even
3068,0,580,580,5,be,be
3069,0,580,580,6,l,l-
3070,0,580,580,7,one,one
3071,0,580,580,8,like,like
3072,0,580,580,9,this,this
3073,0,580,580,10,on,on
3074,0,580,580,11,the,the
3075,0,580,580,12,test,test
3076,0,580,580,13, ,.
3077,0,581,581,0, ,...
3078,0,581,581,1,I,I
3079,0,581,581,2,know,know
3080,0,581,581,3, ,.
3081,0,582,582,0, ,..
3082,0,582,582,1,There'll,There'll
3083,0,582,582,2,be,be
3084,0,582,582,3,a,a
3085,0,582,582,4,different,different
3086,0,582,582,5,one,one
3087,0,582,582,6, ,.
3088,0,583,583,0, ,...
3089,0,583,583,1,So,So
3090,0,583,583,2,what,what
3091,0,583,583,3,do,do
3092,0,583,583,4,you,you
3093,0,583,583,5,do,do
3094,0,583,583,6, ,.
3095,0,584,584,0, ,...
3096,0,584,584,1,You,You
3097,0,584,584,2,find,find
3098,0,584,584,3,a,a
3099,0,584,584,4,inequality,inequality
3100,0,584,584,5, ,","
3101,0,585,585,0, ,...
3102,0,585,585,1,with,with
3103,0,585,585,2, ,...
3104,0,585,585,3,an,an
3105,0,585,585,4,absolute,absolute
3106,0,585,585,5,value,value
3107,0,585,585,6,in,in
3108,0,585,585,7,it,it
3109,0,585,585,8,which,which
3110,0,585,585,9, ,","
3111,0,586,586,0,there's,there's
3112,0,586,586,1,one,one
3113,0,586,586,2,right,right
3114,0,586,586,3,there,there
3115,0,586,586,4, ,.
3116,0,587,587,0, ,...
3117,0,587,587,1,Mhm,Mhm
3118,0,587,587,2, ,.
3119,0,588,588,0, ,...
3120,0,588,588,1,See,See
3121,0,588,588,2, ,?
3122,0,589,589,0, ,...
3123,0,589,589,1,I,I
3124,0,589,589,2,sure,sure
3125,0,589,589,3,didn't,didn't
3126,0,589,589,4,see,see
3127,0,589,589,5,any,any
3128,0,589,589,6,in,in
3129,0,589,589,7,the,the
3130,0,589,589,8, ,--
3131,0,590,590,0, ,...
3132,0,590,590,1,examples,examples
3133,0,590,590,2, ,.
3134,0,591,591,0, ,...
3135,0,591,591,1,Hmm,Hmm.
3136,0,591,591,2, ,-.
3137,0,592,592,0, ,...
3138,0,592,592,1, ,...
3139,0,592,592,2,See,See
3140,0,592,592,3, ,?
3141,0,593,593,0, ,..
3142,0,593,593,1,There's,There's
3143,0,593,593,2,no,no
3144,0,593,593,3, ,--
3145,0,594,594,0, ,...
3146,0,594,594,1,There,[There
3147,0,594,594,2,it,|it
3148,0,594,594,3,is,|is
3149,0,594,594,4, ,.
3150,0,595,595,0, ,[:
3151,0,595,595,1, ,|]
3152,0,596,596,0, ,|..
3153,0,596,596,1,See,|See
3154,0,596,596,2, ,?
3155,0,597,597,0, ,|..
3156,0,597,597,1,Here,|Here
3157,0,597,597,2,it,|it
3158,0,597,597,3,is,|is]
3159,0,597,597,4, ,.
3160,0,598,598,0, ,..
3161,0,598,598,1,Absolute,Absolute
3162,0,598,598,2,value,value
3163,0,598,598,3,of,of
3164,0,598,598,4,that,that
3165,0,598,598,5, ,","
3166,0,599,599,0, ,..
3167,0,599,599,1,you,you
3168,0,599,599,2,brought,brought
3169,0,599,599,3, ,","
3170,0,600,600,0, ,...
3171,0,600,600,1,brought,brought
3172,0,600,600,2,negative,negative
3173,0,600,600,3,four,four
3174,0,600,600,4, ,..
3175,0,600,600,5,over,over
3176,0,600,600,6,to,to
3177,0,600,600,7,the,the
3178,0,600,600,8,other,other
3179,0,600,600,9,side,si:de
3180,0,600,600,10, ,.
3181,0,601,601,0, ,...
3182,0,601,601,1,Okay,O:kay:
3183,0,601,601,2, ,...
3184,0,601,601,3, ,.
3185,0,602,602,0, ,...
3186,0,602,602,1,And,And
3187,0,602,602,2,all,[all
3188,0,602,602,3,that,|that]
3189,0,602,602,4, ,--
3190,0,603,603,0,See,[See
3191,0,603,603,1,that,|that]
3192,0,603,603,2,just,just
3193,0,603,603,3,proves,proves
3194,0,603,603,4,that,that
3195,0,603,603,5,she,she
3196,0,603,603,6,puts,puts
3197,0,603,603,7,problems,problems
3198,0,603,603,8,on,on
3199,0,603,603,9,there,there
3200,0,603,603,10,that,that
3201,0,603,603,11,we've,we've
3202,0,603,603,12,never,never
3203,0,603,603,13,gone,go:ne
3204,0,603,603,14,over,over
3205,0,603,603,15, ,.
3206,0,604,604,0, ,...
3207,0,604,604,1,I,I
3208,0,604,604,2,know,know
3209,0,604,604,3,we've,we've
3210,0,604,604,4,never,never
3211,0,604,604,5,done,done
3212,0,604,604,6,one,one
3213,0,604,604,7,like,like
3214,0,604,604,8,that,that
3215,0,604,604,9, ,.
3216,0,605,605,0, ,..
3217,0,605,605,1,where,where
3218,0,605,605,2,you,you
3219,0,605,605,3,do,do
3220,0,605,605,4,that,that
3221,0,605,605,5, ,","
3222,0,606,606,0, ,...
3223,0,606,606,1,Can,Can
3224,0,606,606,2,you,you
3225,0,606,606,3, ,--
3226,0,607,607,0,Do,Do
3227,0,607,607,1,you,you
3228,0,607,607,2,wanna,wanna
3229,0,607,607,3,do,do
3230,0,607,607,4,that,that
3231,0,607,607,5,when,when
3232,0,607,607,6,it's,it's
3233,0,607,607,7,less,less
3234,0,607,607,8,than,than
3235,0,607,607,9, ,","
3236,0,608,608,0,or,or
3237,0,608,608,1,can,can
3238,0,608,608,2,you,you
3239,0,608,608,3,do,do
3240,0,608,608,4,that,that
3241,0,608,608,5,when,when
3242,0,608,608,6,it's,it's
3243,0,608,608,7,greater,greater
3244,0,608,608,8,than,than
3245,0,608,608,9,too,too
3246,0,608,608,10, ,.
3247,0,609,609,0, ,...
3248,0,609,609,1,Yeah,Yeah
3249,0,609,609,2, ,.
3250,0,610,610,0, ,...
3251,0,610,610,1,Th,Th-
3252,0,610,610,2, ,--
3253,0,611,611,0,Either,Either
3254,0,611,611,1,way,way
3255,0,611,611,2, ,.
3256,0,612,612,0, ,...
3257,0,612,612,1,So,So
3258,0,612,612,2,if,if
3259,0,612,612,3,it's,it's
3260,0,612,612,4,pointed,pointed
3261,0,612,612,5,this,this
3262,0,612,612,6,way,way
3263,0,612,612,7, ,","
3264,0,613,613,0,you,you
3265,0,613,613,1,just,just
3266,0,613,613,2,put,put
3267,0,613,613,3,another,another
3268,0,613,613,4,one,one
3269,0,613,613,5,pointing,pointing
3270,0,613,613,6,this,this
3271,0,613,613,7,way,way
3272,0,613,613,8,over,over
3273,0,613,613,9,here,here
3274,0,613,613,10, ,","
3275,0,614,614,0, ,...
3276,0,614,614,1,Right,Right
3277,0,614,614,2, ,.
3278,0,615,615,0, ,...
3279,0,615,615,1,Okay,Okay
3280,0,615,615,2, ,.
3281,0,616,616,0, ,...
3282,0,616,616,1,Where'd,Where'd
3283,0,616,616,2,you,you
3284,0,616,616,3,get,get
3285,0,616,616,4,that,that
3286,0,616,616,5,one,one
3287,0,616,616,6, ,.
3288,0,617,617,0, ,...
3289,0,617,617,1, ,@@
3290,0,618,618,0, ,..
3291,0,618,618,1, ,[
3292,0,618,618,2,That's,|That's
3293,0,618,618,3,a,|a
3294,0,618,618,4,big,|big
3295,0,618,618,5,one,|one
3296,0,618,618,6, ,|@]
3297,0,618,618,7, ,.
3298,0,619,619,0, ,[:]
3299,0,620,620,0, ,..
3300,0,620,620,1,You're,You're
3301,0,620,620,2,not,not
3302,0,620,620,3,kidding,kidding
3303,0,620,620,4, ,#
3304,0,620,620,5, ,.
3305,0,621,621,0,That's,That's
3306,0,621,621,1,my,my
3307,0,621,621,2,thumbnail,thumbnail
3308,0,621,621,3, ,.
3309,0,622,622,0, ,...
3310,0,623,623,0, ,...
3311,0,624,624,0, ,...
3312,0,625,625,0, ,...
3313,0,626,626,0, ,...
3314,0,626,626,1,Now,Now
3315,0,626,626,2,I,I
3316,0,626,626,3,just,just
3317,0,626,626,4,get,get
3318,0,626,626,5,a,a
3319,0,626,626,6,common,common
3320,0,626,626,7,denominator,denominator
3321,0,626,626,8,for,for
3322,0,626,626,9,the,the
3323,0,626,626,10,whole,whole:
3324,0,626,626,11,thing,thi:ng
3325,0,626,626,12, ,?
3326,0,627,627,0, ,...
3327,0,627,627,1,Mhm,Mhm
3328,0,627,627,2, ,.
3329,0,628,628,0, ,...
3330,0,628,628,1,Well,Well
3331,0,628,628,2, ,","
3332,0,629,629,0,take,take
3333,0,629,629,1,out,out
3334,0,629,629,2,those,those
3335,0,629,629,3, ,..
3336,0,629,629,4,absolute,absolute
3337,0,629,629,5,value,value
3338,0,629,629,6,things,things
3339,0,629,629,7, ,","
3340,0,630,630,0,they'll,they'll
3341,0,630,630,1,screw,screw
3342,0,630,630,2,you,you
3343,0,630,630,3,up,up
3344,0,630,630,4, ,.
3345,0,631,631,0,Yeah,%Yeah
3346,0,631,631,1, ,.
3347,0,632,632,0, ,...
3348,0,632,632,1,And,And
3349,0,632,632,2,now,now
3350,0,632,632,3,this'll,this'll
3351,0,632,632,4,be,be
3352,0,632,632,5,six,six
3353,0,632,632,6, ,","
3354,0,633,633,0,right,right
3355,0,633,633,1, ,?
3356,0,634,634,0, ,...
3357,0,635,635,0, ,...
3358,0,635,635,1,Is,Is
3359,0,635,635,2,that,that
3360,0,635,635,3,right,right
3361,0,635,635,4, ,?
3362,0,636,636,0, ,...
3363,0,636,636,1,Mhm,Mhm
3364,0,636,636,2, ,.
3365,0,637,637,0, ,...
3366,0,637,637,1,Now,Now
3367,0,637,637,2,what,what
3368,0,637,637,3,do,do
3369,0,637,637,4,you,you
3370,0,637,637,5,do,do
3371,0,637,637,6, ,.
3372,0,638,638,0, ,...
3373,0,638,638,1,Subtract,Subtract
3374,0,638,638,2,three,three:
3375,0,638,638,3, ,.
3376,0,639,639,0, ,..
3377,0,639,639,1,from,from
3378,0,639,639,2,the,the
3379,0,639,639,3,middle,middle
3380,0,639,639,4, ,.
3381,0,640,640,0, ,...
3382,0,640,640,1,And,And
3383,0,640,640,2,y,y-
3384,0,640,640,3, ,--
3385,0,641,641,0, ,...
3386,0,641,641,1,To,To
3387,0,641,641,2,which,which
3388,0,641,641,3,side,side
3389,0,641,641,4, ,.
3390,0,642,642,0, ,..
3391,0,642,642,1,To,To
3392,0,642,642,2,both,both
3393,0,642,642,3,sides,sides
3394,0,642,642,4, ,.
3395,0,643,643,0, ,..
3396,0,643,643,1,To,To
3397,0,643,643,2,both,both
3398,0,643,643,3,sides,sides
3399,0,643,643,4, ,?
3400,0,644,644,0, ,...
3401,0,644,644,1,Okay,Okay
3402,0,644,644,2, ,.
3403,0,645,645,0, ,...
3404,0,646,646,0, ,...
3405,0,646,646,1,Negative,Negative
3406,0,646,646,2, ,##
3407,0,646,646,3, ,","
3408,0,647,647,0, ,...
3409,0,647,647,1,two,two
3410,0,647,647,2,ex,ex
3411,0,647,647,3, ,.
3412,0,648,648,0, ,...
3413,0,648,648,1,Alright,Alright
3414,0,648,648,2, ,.
3415,0,649,649,0, ,...
3416,0,649,649,1,To,To
3417,0,649,649,2,one,one
3418,0,649,649,3, ,","
3419,0,650,650,0,then,then
3420,0,650,650,1, ,","
3421,0,651,651,0,after,after
3422,0,651,651,1,that,that
3423,0,651,651,2,you,you
3424,0,651,651,3,have,have
3425,0,651,651,4,to,to:
3426,0,651,651,5, ,","
3427,0,652,652,0,take,take
3428,0,652,652,1,out,out
3429,0,652,652,2,the,the
3430,0,652,652,3,negatives,negatives
3431,0,652,652,4, ,.
3432,0,653,653,0, ,...
3433,0,653,653,1,Yeah,Yeah
3434,0,653,653,2, ,.
3435,0,654,654,0,Divide,Divide
3436,0,654,654,1,by,by
3437,0,654,654,2, ,--
3438,0,655,655,0,Well,Well
3439,0,655,655,1,just,just
3440,0,655,655,2,ta,ta-
3441,0,655,655,3, ,--
3442,0,656,656,0,Divide,Divide
3443,0,656,656,1,by,by
3444,0,656,656,2,negative,negative
3445,0,656,656,3,two,two
3446,0,656,656,4, ,.
3447,0,657,657,0, ,...
3448,0,657,657,1,Oh,Oh:
3449,0,657,657,2, ,","
3450,0,658,658,0,you,[you
3451,0,658,658,1,can't,|can't]
3452,0,658,658,2,get,get
3453,0,658,658,3,that,that
3454,0,658,658,4,by,by
3455,0,658,658,5, ,","
3456,0,659,659,0, ,[##]
3457,0,660,660,0,ex,ex
3458,0,660,660,1,by,by
3459,0,660,660,2,itself,itself
3460,0,660,660,3, ,?
3461,0,661,661,0, ,...
3462,0,661,661,1,Yeah,Yeah
3463,0,661,661,2, ,.
3464,0,663,663,0, ,...
3465,0,663,663,1,And,And
3466,0,663,663,2,when,when
3467,0,663,663,3,you,you
3468,0,663,663,4,divide,divide
3469,0,663,663,5,by,by
3470,0,663,663,6,a,a
3471,0,663,663,7,negative,ne[gative]
3472,0,663,663,8, ,","
3473,0,664,664,0, ,[]
3474,0,665,665,0, ,..
3475,0,665,665,1,you,[2you
3476,0,665,665,2,have,|2have
3477,0,665,665,3,to,|2to
3478,0,665,665,4,flip,|2flip
3479,0,665,665,5,the,|2the
3480,0,665,665,6,signs,|2signs]
3481,0,665,665,7, ,.
3482,0,666,666,0, ,[2
3483,0,666,666,1,Yeah,|2Yeah:]
3484,0,666,666,2, ,.
3485,0,667,667,0, ,..
3486,0,667,667,1,Okay,Okay
3487,0,667,667,2, ,.
3488,0,668,668,0, ,...
3489,0,668,668,1,And,And
3490,0,668,668,2,when,when
3491,0,668,668,3,you,you
3492,0,668,668,4,do,do
3493,0,668,668,5,that,that
3494,0,668,668,6, ,","
3495,0,669,669,0, ,..
3496,0,669,669,1,it's,it's
3497,0,669,669,2,gonna,gonna
3498,0,669,669,3,be,be
3499,0,669,669,4,a,a
3500,0,669,669,5,or,o:r
3501,0,669,669,6, ,.
3502,0,670,670,0, ,...
3503,0,670,670,1,Because,Because
3504,0,670,670,2,if,if
3505,0,670,670,3,you,you
3506,0,670,670,4,look,look
3507,0,670,670,5,at,at
3508,0,670,670,6,it,it
3509,0,670,670,7, ,","
3510,0,671,671,0, ,...
3511,0,671,671,1,cause,cause
3512,0,671,671,2, ,","
3513,0,672,672,0,you,you
3514,0,672,672,1,know,know
3515,0,672,672,2, ,","
3516,0,673,673,0,it,it
3517,0,673,673,1,can't,can't
3518,0,673,673,2,be,be
3519,0,673,673,3,greater,greater
3520,0,673,673,4, ,...
3521,0,673,673,5,than,than
3522,0,673,673,6,sevenhalves,"sevenhalves,"
3523,0,673,673,7, ,"-,"
3524,0,674,674,0, ,...
3525,0,674,674,1,and,and
3526,0,674,674,2,less,less
3527,0,674,674,3,than,than
3528,0,674,674,4,negative,negative
3529,0,674,674,5,halve,halve
3530,0,674,674,6,at,at
3531,0,674,674,7,the,the
3532,0,674,674,8,sa,"sa,"
3533,0,674,674,9, ,"-,"
3534,0,675,675,0,onehalf,one-half
3535,0,675,675,1,at,at
3536,0,675,675,2,the,the
3537,0,675,675,3,same,same
3538,0,675,675,4,time,time
3539,0,675,675,5, ,.
3540,0,676,676,0, ,...
3541,0,676,676,1,So,So
3542,0,676,676,2,it's,it's
3543,0,676,676,3,gonna,gonna
3544,0,676,676,4,be,be
3545,0,676,676,5,either,either
3546,0,676,676,6,ex,ex
3547,0,676,676,7, ,","
3548,0,677,677,0, ,..
3549,0,677,677,1,is,is
3550,0,677,677,2,less,less
3551,0,677,677,3,than,than
3552,0,677,677,4,or,or
3553,0,677,677,5,equal,equal
3554,0,677,677,6,to,to
3555,0,677,677,7,negative,negative
3556,0,677,677,8, ,...
3557,0,677,677,9,onehalf,"onehalf,"
3558,0,677,677,10, ,"-,"
3559,0,678,678,0, ,..
3560,0,678,678,1,or,or
3561,0,678,678,2, ,","
3562,0,679,679,0, ,...
3563,0,679,679,1,Okay,Okay
3564,0,679,679,2, ,.
3565,0,680,680,0, ,...
3566,0,680,680,1, ,..
3567,0,681,681,0, ,...
3568,0,681,681,1, ,:
3569,0,682,682,0, ,...
3570,0,682,682,1,Will,Will
3571,0,682,682,2,you,you
3572,0,682,682,3,pass,pass
3573,0,682,682,4,me,me
3574,0,682,682,5,some,some
3575,0,682,682,6,of,of
3576,0,682,682,7,that,that
3577,0,682,682,8,tea,tea
3578,0,682,682,9,please,please
3579,0,682,682,10, ,.
3580,0,683,683,0, ,...
3581,0,683,683,1,Oh,Oh:
3582,0,683,683,2, ,","
3583,0,684,684,0,thank,thank
3584,0,684,684,1,you,you
3585,0,684,684,2, ,.
3586,0,685,685,0, ,...
3587,0,685,685,1,SIP,{SIP}
3588,0,685,685,2,SIP,{SIP}
3589,0,686,686,0, ,...
3590,0,686,686,1,Number,Number
3591,0,686,686,2,ten,te:n
3592,0,686,686,3, ,.
3593,0,687,687,0,How,How
3594,0,687,687,1,many,many
3595,0,687,687,2,problems,problems
3596,0,687,687,3,are,are
3597,0,687,687,4,on,on
3598,0,687,687,5,this,this
3599,0,687,687,6,test,test
3600,0,687,687,7, ,.
3601,0,688,688,0, ,...
3602,0,688,688,1,Twelve,Twelve
3603,0,688,688,2, ,.
3604,0,689,689,0, ,...
3605,0,689,689,1,Oh,Oh
3606,0,689,689,2,good,good
3607,0,689,689,3, ,.
3608,0,690,690,0, ,...
3609,0,690,690,1,What,What
3610,0,690,690,2,did,did
3611,0,690,690,3,you,you
3612,0,690,690,4,want,want
3613,0,690,690,5,to,to
3614,0,690,690,6,do,do
3615,0,690,690,7,after,after
3616,0,690,690,8,this,this
3617,0,690,690,9,test,test
3618,0,690,690,10, ,.
3619,0,691,691,0, ,...
3620,0,691,691,1,That's,That's
3621,0,691,691,2,it,it
3622,0,691,691,3, ,","
3623,0,692,692,0, ,..
3624,0,692,692,1,I,I
3625,0,692,692,2,guess,guess
3626,0,692,692,3, ,.
3627,0,693,693,0, ,...
3628,0,693,693,1,You,You
3629,0,693,693,2,gonna,gonna
3630,0,693,693,3,study,study
3631,0,693,693,4,some,some
3632,0,693,693,5,more,more
3633,0,693,693,6,tomorrow,tomorrow
3634,0,693,693,7,then,then
3635,0,693,693,8, ,","
3636,0,694,694,0,right,right
3637,0,694,694,1, ,?
3638,0,695,695,0, ,...
3639,0,695,695,1,Oh,Oh
3640,0,695,695,2,definitely,definitely
3641,0,695,695,3, ,.
3642,0,696,696,0, ,...
3643,0,696,696,1,Okay,Okay
3644,0,696,696,2, ,.
3645,0,697,697,0, ,...
3646,0,697,697,1,Ex,Ex
3647,0,697,697,2,plus,plus
3648,0,697,697,3,four,four
3649,0,697,697,4, ,","
3650,0,698,698,0, ,...
3651,0,698,698,1,over,over
3652,0,698,698,2, ,","
3653,0,699,699,0, ,...
3654,0,699,699,1,three,three
3655,0,699,699,2,ex,ex
3656,0,699,699,3,minus,minus
3657,0,699,699,4,two,two
3658,0,699,699,5, ,","
3659,0,700,700,0, ,...
3660,0,700,700,1,is,is
3661,0,700,700,2,less,less
3662,0,700,700,3,than,than
3663,0,700,700,4,zero,zero
3664,0,700,700,5, ,.
3665,0,701,701,0, ,...
3666,0,701,701,1,Is,Is
3667,0,701,701,2,less,less
3668,0,701,701,3,than,than
3669,0,701,701,4,zero,zero
3670,0,701,701,5, ,.
3671,0,702,702,0, ,...
3672,0,702,702,1,Right,Right
3673,0,702,702,2, ,.
3674,0,703,703,0, ,...
3675,0,704,704,0, ,...
3676,0,704,704,1,Gosh,Go:sh
3677,0,704,704,2, ,.
3678,0,705,705,0, ,...
3679,0,705,705,1,Is,Is
3680,0,705,705,2,this,this
3681,0,705,705,3,the,the
3682,0,705,705,4,c,c-
3683,0,705,705,5, ,--
3684,0,706,706,0,Is,Is
3685,0,706,706,1,this,this
3686,0,706,706,2,the,the
3687,0,706,706,3,same,same
3688,0,706,706,4,class,class
3689,0,706,706,5,I'm,I'm
3690,0,706,706,6,taking,taking
3691,0,706,706,7,Kathy,~Kathy
3692,0,706,706,8, ,.
3693,0,707,707,0, ,...
3694,0,707,707,1,Are,Are
3695,0,707,707,2,you,you
3696,0,707,707,3,sure,sure
3697,0,707,707,4,we're,we're
3698,0,707,707,5,doing,doing
3699,0,707,707,6,work,work
3700,0,707,707,7,from,from
3701,0,707,707,8,the,the
3702,0,707,707,9,same,same
3703,0,707,707,10,class,class
3704,0,707,707,11,that,that
3705,0,707,707,12,I'm,I'm
3706,0,707,707,13, ,--
3707,0,708,708,0,that,that
3708,0,708,708,1,I'm,I'm
3709,0,708,708,2, ,--
3710,0,709,709,0,that,that
3711,0,709,709,1,I,I
3712,0,709,709,2,go,go
3713,0,709,709,3,to,to
3714,0,709,709,4,every,every
3715,0,709,709,5,night,[night]
3716,0,709,709,6, ,.
3717,0,710,710,0,I,[I]
3718,0,710,710,1,don't,don't
3719,0,710,710,2,know,know
3720,0,710,710,3, ,.
3721,0,711,711,0, ,@@@
3722,0,711,711,1, ,@
3723,0,711,711,2,Are,Are
3724,0,711,711,3,we,we
3725,0,711,711,4, ,?
3726,0,712,712,0, ,...
3727,0,712,712,1,It's,It's
3728,0,712,712,2,got,got
3729,0,712,712,3,the,the
3730,0,712,712,4,same,same
3731,0,712,712,5,name,name
3732,0,712,712,6, ,","
3733,0,713,713,0,but,but
3734,0,713,713,1, ,","
3735,0,714,714,0, ,...
3736,0,714,714,1,that's,that's
3737,0,714,714,2,about,about
3738,0,714,714,3,it,it
3739,0,714,714,4, ,.
3740,0,715,715,0, ,...
3741,0,715,715,1,Okay,Okay
3742,0,715,715,2, ,.
3743,0,716,716,0, ,...
3744,0,716,716,1,I,I
3745,0,716,716,2,don't,don't
3746,0,716,716,3,even,even
3747,0,716,716,4,know,know
3748,0,716,716,5,how,how
3749,0,716,716,6,you,you
3750,0,716,716,7,start,start
3751,0,716,716,8,this,this
3752,0,716,716,9,one,one
3753,0,716,716,10, ,","
3754,0,717,717,0,do,do
3755,0,717,717,1,you,you
3756,0,717,717,2, ,?
3757,0,718,718,0, ,...
3758,0,718,718,1,Yeah,Yeah
3759,0,718,718,2,I,I
3760,0,718,718,3,think,think
3761,0,718,718,4,so,so
3762,0,718,718,5, ,","
3763,0,719,719,0,but,but
3764,0,719,719,1,I'm,I'm
3765,0,719,719,2,not,not
3766,0,719,719,3,sure,sure
3767,0,719,719,4, ,.
3768,0,720,720,0, ,..
3769,0,720,720,1,Cause,Cause
3770,0,720,720,2, ,","
3771,0,721,721,0, ,..
3772,0,721,721,1,the,the
3773,0,721,721,2,way,way
3774,0,721,721,3,I,I
3775,0,721,721,4,start,start
3776,0,721,721,5,it,it
3777,0,721,721,6, ,","
3778,0,722,722,0, ,...
3779,0,722,722,1,Do,Do
3780,0,722,722,2,I,I
3781,0,722,722,3, ,--
3782,0,723,723,0,Did,Did
3783,0,723,723,1,I,I
3784,0,723,723,2,have,have
3785,0,723,723,3,anything,anything
3786,0,723,723,4,written,written
3787,0,723,723,5,on,on
3788,0,723,723,6,the,the
3789,0,723,723,7,test,test
3790,0,723,723,8, ,?
3791,0,724,724,0,Mm,Mm.
3792,0,724,724,1, ,-.
3793,0,725,725,0, ,...
3794,0,725,725,1,I,I
3795,0,725,725,2,left,left
3796,0,725,725,3,it,it
3797,0,725,725,4,blank,blank
3798,0,725,725,5, ,?